,metrica_a,metrica_b,spearman,intersecao_top10
0,A_saida,L_saida,0.9853140713544578,9
1,L_saida,L_menos_I_saida,0.9874690717535319,10
2,L_saida,S_media,0.9977651847713306,10
3,S_media,R_media,0.754729028653524,4
4,destinos_q2,destinos_unitarios_q2,0.7090909090909092,5
5,HEM_demanda_por_x,HEM_alocacao_por_x,0.018556947880916278,0
6,transmissao_abs,transmissao_por_x,0.207997445925453,5
7,betweenness_inversa,betweenness_log,0.8310917506134532,7
8,grau_saida,A_saida,0.195325123965336,1
9,PR_A_fornecedor_0.85_loopsTrue,PR_A_fornecedor_0.85_loopsFalse,0.9881474978050925,9
10,PR_A_fornecedor_0.85_loopsFalse,PR_Z_fornecedor_0.85_loopsFalse,1.0,10
11,PR_A_fornecedor_0.5_loopsFalse,PR_A_fornecedor_0.95_loopsFalse,0.9652805491260278,8
12,PR_A_fornecedor_0.85_loopsFalse,PR_A_destino_0.85_loopsFalse,-0.08037353340250619,1
