metrica,pearson_e,spearman_e,spearman_gamma,spearman_x,parcial_x,parcial_vab,loo_min,loo_max,sem_top5_output
e,0.9999999999999998,1.0,0.3537728140527059,0.5207119482799905,0.9999999999999998,1.0,1.0,1.0,1.0
participacao_e,0.9999999999999998,1.0,0.3537728140527059,0.5207119482799905,0.9999999999999998,1.0,1.0,1.0,1.0
gamma,0.5391626744609073,0.3537728140527059,1.0,-0.5486293944986003,0.8958698018425022,0.8087809212200932,0.3243023832019129,0.39154011842780173,0.5202415350745815
x,0.44572140479368444,0.5207119482799905,-0.5486293944986003,1.0,,-0.008154272486318018,0.4985909612775286,0.5506105834464045,0.4210168467175342
vab,0.3631992189788379,0.601045574267699,-0.3979994075241329,0.8716577540106953,0.35170514227479305,,0.5826322930800544,0.6517691263959922,0.5280904535267307
f,0.726988716521005,0.5985314071354458,-0.14531880238602515,0.6698858647936787,0.39395386581326,0.37368928468143975,0.5805448283060224,0.6430435236405387,0.49822467326433484
intensidade_total,0.5573458010811501,0.25205523186208,0.9202126470960071,-0.5662064011493335,0.7771568809161402,0.7982495305143742,0.21774345057927147,0.293267926103747,0.44917025509304737
Z_saida,0.2569112506606519,0.43451193231702456,-0.17662683785473735,0.5588235294117648,0.20272330619441056,0.20754927022615519,0.4102494520404969,0.47529485439933206,0.39099997481806054
Z_entrada,0.44145809959294025,0.37628701412722493,-0.5552384249451205,0.9026259078936868,-0.2550451649446695,-0.02839890535535436,0.3501722158438577,0.41471662665692527,0.26438518294679053
A_saida,0.24395384663999506,0.40110942613137524,-0.1551824309074179,0.5049086120201134,0.18753424778985606,0.20345355664031914,0.3753052917232022,0.42886963782486176,0.35760872302384733
A_entrada,-0.14297946830843625,-0.4403384148774843,0.028572575737070897,-0.3311118205762631,-0.33258807427526255,-0.10135788522882776,-0.49750547959503194,-0.41981004070556316,-0.38319357356903627
B_saida,-0.08930283984085903,-0.025780189959294444,0.23301324867338738,-0.23345837656636606,0.11538325176236577,0.10324595872624007,-0.06899071078175556,0.007243502765890827,0.07723300848631362
B_entrada,0.4079554268176509,0.3185808923297949,-0.5498473729192581,0.8620001596296594,-0.3010253840242991,-0.10304677470648879,0.29001148105625724,0.35643461016595346,0.2115534738485558
L_saida,0.25535759942949726,0.38279192273924506,-0.1821975916147952,0.5123712985872776,0.15821226464403357,0.17365573307547788,0.356142365097589,0.41747208015864745,0.337815718566644
L_entrada,-0.11265600494037516,-0.39659988825923864,-0.03983388441331687,-0.21965041104637242,-0.3388534164735808,-0.08490154782171595,-0.4551299446821836,-0.3771422607243503,-0.33962881821157864
L_menos_I_saida,0.2696587315750256,0.3606433075265385,-0.16730231453593084,0.4920584244552638,0.14049890979856497,0.1733747066104937,0.3343492328566956,0.3961799394635216,0.318979627810934
S_media,0.26793501505478057,0.396440258600048,-0.1717549241721061,0.5200335222284301,0.17231283540735212,0.18655450124189835,0.37042062415196747,0.43145809414466135,0.35040668832313465
S_mediana,0.2642258891377066,0.39891451831750346,-0.1316415037278186,0.4710272168568921,0.20401856388110803,0.20433240297505825,0.3730090804717671,0.44118567999165026,0.3417441011306691
R_media,0.7435871937795541,0.6269454864713865,0.40460843797065316,0.17228030968153885,0.6388322224163909,0.651587516444236,0.6097275858469889,0.66796785304248,0.6749515247664375
R_mediana,0.7195330847849544,0.6029212227631895,0.3330671809015231,0.1990980924255727,0.5967300928632505,0.6011858515510442,0.5845945099676444,0.6376161152280557,0.6034851804285967
R_media_ponderada_y,0.768014172310032,0.6945486471386384,0.4215403347037322,0.21378402107111502,0.6993192853331618,0.7056346683877969,0.6804926416866717,0.7336394948335249,0.7163506333257788
fracao_outros,-0.06479800510379123,-0.014725836060340013,0.21961548604615147,-0.20037512969909813,0.10713767230124246,0.1089206414913016,-0.05742615593361863,0.015843857634902415,0.0913852584926091
destinos_q1,0.05420445949933578,0.09729673311762865,-0.07244319903022442,0.11057300908047178,0.045927810186383866,0.03783265481377134,0.06494755244755245,0.14829545454545454,0.06784769962982547
destinos_q2,0.032770669863836505,0.09771422607243505,-0.034696699420185335,0.07095292766934559,0.07106845005754867,0.060527142846257743,0.06630244755244756,0.14689685314685313,0.09090428344791114
destinos_total_q2,-0.034205126837288054,0.03232500598611223,0.23307314925145253,-0.17491419905818503,0.1468108183005818,0.1538892973870103,-0.00820373656194552,0.06327105730090805,0.14608043111480445
destinos_unitarios_q2,0.24227830515473203,0.31305709216156985,-0.13834812779041994,0.36632919319486484,0.15075475187564522,0.10137461712977196,0.2877185314685315,0.3676573426573427,0.24013749338974086
destinos_hhi,-0.002024456360687062,-0.09771422607243505,0.034696699420185335,-0.07095292766934559,-0.07106845005754871,-0.06052714284625779,-0.14689685314685313,-0.06630244755244756,-0.09090428344791114
destinos_entropia,0.02605773800020809,0.09729673311762865,-0.07244319903022442,0.11057300908047178,0.045927810186383866,0.03783265481377134,0.06494755244755245,0.14829545454545454,0.06784769962982547
upstreamness,-0.04120499650076218,-0.04162343363396919,0.19353876772846137,-0.17862558863436825,0.06117729159055885,0.09650374342158867,-0.08560693038304981,-0.010374699926938733,0.061569842109239256
downstreamness,-0.025141388293626606,-0.3059302418389337,-0.01759080309179557,-0.13907734056987792,-0.2762020541954383,0.005271450541313811,-0.36190376787391715,-0.2845005740528129,-0.2484198332955604
Katz_0.5,0.2698017457415248,0.35445765823289976,-0.17574829604311534,0.49720648096416326,0.12900361279619188,0.166337815342646,0.3287130779668093,0.3832794071600042,0.3134396011180781
Katz_0.85,0.27068692553505347,0.36088275201532455,-0.17536892571536947,0.49876287014127235,0.13672440344358042,0.17057992166656324,0.3354347145391922,0.39442646905333484,0.3196847221172975
Katz_1.0,0.2696587315750257,0.3606433075265385,-0.16730231453593084,0.4920584244552638,0.14049890979856497,0.1733747066104937,0.3343492328566956,0.3961799394635216,0.318979627810934
autovetor_fornecedor,0.17419111726335912,0.3452390454146381,-0.15574150296935918,0.4373054513528614,0.15307768889120668,0.1806270747213735,0.31685627805030797,0.3941759732804509,0.3012011785147692
autovetor_comprador,0.0018367086780496258,-0.2997046851304973,-0.05628657652187481,-0.10200335222284301,-0.29035240644407273,-0.03670276077612635,-0.35501513411961183,-0.27623421354764643,-0.24217471229634108
PR_A_destino_0.5_loopsTrue,-0.20214133619295985,-0.33526219171522076,-0.04540463817337471,-0.14905419426929525,-0.30519935095157363,-0.14048599590373512,-0.3747625508819539,-0.3064607034756289,-0.2729974062602301
PR_A_destino_0.85_loopsTrue,-0.17974473039702257,-0.35186367627105125,-0.06375418192066204,-0.1494931758320696,-0.3246157886225622,-0.16420971478546734,-0.3941342239849703,-0.32374491180461334,-0.29415023545113445
PR_A_destino_0.95_loopsTrue,-0.14859426975240309,-0.34603719371059144,-0.06085898731418036,-0.14761752733657915,-0.31877967184214545,-0.16486687893959884,-0.3882058240267196,-0.317315520300595,-0.2918838608949661
PR_A_fornecedor_0.5_loopsTrue,0.3086992979414226,0.43678665496049174,-0.14787456038347102,0.5342006544816027,0.2197865432845797,0.21993564334994234,0.41346414779250606,0.4713704206241521,0.3890861474150739
PR_A_fornecedor_0.85_loopsTrue,0.31193816157298887,0.44281267459493984,-0.12712899351357818,0.5069039827599969,0.24304521232503554,0.23571182497965454,0.4193507984552761,0.4812232543575828,0.38334466520611415
PR_A_fornecedor_0.95_loopsTrue,0.31209751204227965,0.4418948040545934,-0.1054050505352881,0.4792082368904143,0.25671920172979346,0.252224994705954,0.4183905646592214,0.48189124308527304,0.38268993477877666
PR_A_destino_0.5_loopsFalse,-0.16031672194533214,-0.1988586479367867,-0.09406387442162192,0.0005187963923697023,-0.2332449963830919,-0.11602822538891684,-0.23586264481786876,-0.17052499739066906,-0.13459746669688502
PR_A_destino_0.85_loopsFalse,-0.15779633944997618,-0.19977651847713307,-0.11868301200639372,0.021190837257562455,-0.24698392720369663,-0.13346567410247162,-0.2412900532303518,-0.16877152698048223,-0.1367631134950014
PR_A_destino_0.95_loopsFalse,-0.15754144779163143,-0.18437225636523266,-0.12067969794189831,0.038710192353739334,-0.2397502096610892,-0.12695221105611298,-0.2271787913578959,-0.15265629892495566,-0.12694215708493867
PR_A_fornecedor_0.5_loopsFalse,0.2718161525298503,0.4388219331151729,-0.15861673071648583,0.5382313033761673,0.22036599497865855,0.21013945976171308,0.4147583759524059,0.47099467696482633,0.3806250157387122
PR_A_fornecedor_0.85_loopsFalse,0.26374833026376027,0.4475616569558625,-0.1325000786800856,0.504349908212946,0.2508698865934233,0.23776991731002425,0.4239014716626658,0.4884876317712139,0.3879781420765027
PR_A_fornecedor_0.95_loopsFalse,0.26120717702660917,0.44895841647378093,-0.1141705017921533,0.4831590709553836,0.26405282594789253,0.249607695366473,0.4253626970044881,0.4900323557039976,0.3893379668102037
PR_Z_destino_0.5_loopsTrue,0.3626996993902333,0.25856014047410014,-0.544576122049526,0.7829435709154762,-0.28079029180971044,-0.1040934445420876,0.22826427304039243,0.3009497964721846,0.15816776208103547
PR_Z_destino_0.85_loopsTrue,0.22698390533074966,0.24654800862000165,-0.5568158068341692,0.7816266262271531,-0.30131547068607334,-0.12124358960497832,0.21553073791879768,0.29026197682914107,0.13766966331746872
PR_Z_destino_0.95_loopsTrue,0.08932588880786971,0.24455263788011813,-0.5576344480677261,0.7778753292361721,-0.2991536481053871,-0.12058610589832534,0.21340152384928507,0.28821626135058975,0.13469819445493694
PR_Z_fornecedor_0.5_loopsTrue,0.3086992979414227,0.43678665496049174,-0.14787456038347102,0.5342006544816027,0.2197865432845797,0.21993564334994234,0.41346414779250606,0.4713704206241521,0.3890861474150739
PR_Z_fornecedor_0.85_loopsTrue,0.3119381615729889,0.44281267459493984,-0.12712899351357818,0.5069039827599969,0.24304521232503554,0.23571182497965454,0.4193507984552761,0.4812232543575828,0.38334466520611415
PR_Z_fornecedor_0.95_loopsTrue,0.31209751204227965,0.4418948040545934,-0.1054050505352881,0.4792082368904143,0.25671920172979346,0.252224994705954,0.4183905646592214,0.48189124308527304,0.38268993477877666
PR_Z_destino_0.5_loopsFalse,0.39471260657294993,0.3617607151408732,-0.5615878862200252,0.8942852582009738,-0.27197018124381317,-0.10496547811705868,0.33530946665275024,0.39793340987370845,0.266500465865881
PR_Z_destino_0.85_loopsFalse,0.39502785037148896,0.37959932955543146,-0.5620071902664812,0.9090909090909093,-0.26366295333611334,-0.09103078746032904,0.35380440455067325,0.4168040914309572,0.28246581551711114
PR_Z_destino_0.95_loopsFalse,0.3928706945855639,0.38574507143427256,-0.5583732218638627,0.9096895203128742,-0.24803890732493636,-0.07968095833178435,0.36019204675921096,0.42323348293497554,0.28820729772607084
PR_Z_fornecedor_0.5_loopsFalse,0.27181615252985036,0.4388219331151729,-0.15861673071648583,0.5382313033761673,0.22036599497865855,0.21013945976171308,0.4147583759524059,0.47099467696482633,0.3806250157387122
PR_Z_fornecedor_0.85_loopsFalse,0.26374833026376027,0.4475616569558625,-0.1325000786800856,0.504349908212946,0.2508698865934233,0.23776991731002425,0.4239014716626658,0.4884876317712139,0.3879781420765027
PR_Z_fornecedor_0.95_loopsFalse,0.2612071770266091,0.44895841647378093,-0.1141705017921533,0.4831590709553836,0.26405282594789253,0.249607695366473,0.4253626970044881,0.4900323557039976,0.3893379668102037
grau_saida,0.033528826349089144,0.09260937469600258,-0.08566908314423263,0.18861993314264533,-0.006688005934895921,0.08044773829777759,-0.00861725123368003,0.16939549572784432,0.0677645638315402
grau_entrada,0.004196610531697251,-0.12948694980196596,0.004973433828855744,-0.03859040854958018,-0.12822988158841775,-0.024603708808760474,-0.165284822845282,-0.10766490751791667,-0.16286249534403266
alcance_1,0.033528826349089144,0.09260937469600258,-0.08566908314423263,0.18861993314264533,-0.006688005934895921,0.08044773829777759,-0.00861725123368003,0.16939549572784432,0.0677645638315402
alcance_2,-0.002710949249303284,-0.0700140042014005,-0.1273820946773127,0.05728418525569132,-0.11714066365321978,-0.030251470810872403,-0.07487514999114352,-0.06836426738321799,-0.09658824649789827
alcance_3,-0.002710949249303284,-0.0700140042014005,-0.1273820946773127,0.05728418525569132,-0.11714066365321978,-0.030251470810872403,-0.07487514999114352,-0.06836426738321799,-0.09658824649789827
alcance_total,-0.002710949249303284,-0.0700140042014005,-0.1273820946773127,0.05728418525569132,-0.11714066365321978,-0.030251470810872403,-0.07487514999114352,-0.06836426738321799,-0.09658824649789827
alcance_upstream,-0.002710949249303284,-0.0700140042014005,-0.1273820946773127,0.05728418525569132,-0.11714066365321978,-0.030251470810872403,-0.07487514999114352,-0.06836426738321799,-0.09658824649789827
betweenness_binaria,0.12506660392943855,-0.05227297821551964,0.03107121379315775,0.024260554398572307,-0.07604823903952188,0.04513931382671895,-0.10548211948517297,-0.029942779852254575,-0.0841204926691469
harmonica_saida_binaria,0.01607643622465929,0.09260937469600258,-0.08566908314423263,0.18861993314264533,-0.006688005934895921,0.08044773829777759,-0.00861725123368003,0.16939549572784432,0.0677645638315402
betweenness_inversa,0.12093311657091009,0.21020702090704504,-0.1456438837085421,0.3365033374478258,0.04351756102241394,0.06416736366968218,0.1804491150423777,0.2487710277937411,0.2067258364923324
harmonica_saida_inversa,0.20854518990046927,0.2634687524942134,-0.19088317543424022,0.3839093303535797,0.0806312852284587,0.11094234330844714,0.23131197161047912,0.30545872038409355,0.23054065624134368
betweenness_log,0.11023578378922455,0.20654316422689345,-0.1854079136501195,0.3812303161227402,0.01017661785580399,0.0570305158577113,0.1755516326169277,0.23958835583805713,0.19042118838658553
harmonica_saida_log,0.28466356008209853,0.42337776358847484,-0.16312924093072623,0.5238247266342088,0.20710868611166816,0.20658738635144547,0.39860139860139865,0.4585116376161153,0.3734733449170255
HEM_demanda_abs,0.43882492561588504,0.3548567323808764,-0.5483099247489195,0.8808763668289569,-0.2569246305945795,-0.028768339035036117,0.3276693455797934,0.39229725498382223,0.2438870841832238
HEM_demanda_por_x,-0.1517228885913302,-0.4290845239045415,-0.00047920462452110524,-0.29032644265304497,-0.34017334237690827,-0.11593711965724099,-0.48619142051977876,-0.4084959816303101,-0.3752360806829342
HEM_CO2_outros,0.40738119647452703,0.377603958815548,-0.5526427332289645,0.8997525740282545,-0.24400289633844494,-0.051671908451911205,0.3520091848450059,0.41605260411230566,0.2776812470096447
HEM_alocacao_abs,0.23419345030173663,0.40246627823449604,-0.1980313110833467,0.5350387101923538,0.17173529683726393,0.17553536640129502,0.376724767769544,0.4477820686775911,0.35423434312910784
HEM_alocacao_por_x,-0.11570476825942992,-0.06736371617846597,0.22758226292881487,-0.26542421581929926,0.08607087659637323,0.08522821644609103,-0.11249347667258117,-0.034088299759941564,0.03200624512099923
remocao_y_abs,0.4550666071181406,0.34380237848192197,-0.5286425682841992,0.8093223720967357,-0.1547932889097354,-0.08583072129713126,0.31652228368646285,0.38140068886337547,0.19528594092316992
transmissao_abs,0.6051675299175537,0.4557426769893847,-0.4568417420434536,0.8942453507861762,-0.025912784012789694,0.10068920202460604,0.4308736040079324,0.4967539922763804,0.37014932890131197
transmissao_por_x,0.21820806023368244,-0.13780030329635248,0.1862308972045145,-0.18556947880916275,-0.049078386305090184,0.21238243675114032,-0.18960442542532097,-0.1144556935601712,-0.025005665936390423
RW_chegada_direto,0.3226679702705747,0.4122534182235676,-0.549945819166297,0.9195073583133285,-0.2247342043000331,-0.08296927140681702,0.38911713286713284,0.45017482517482516,0.32564780539397137
RW_visitas_direto,-0.0053164980437361495,0.2824548585742616,-0.5438879968713821,0.7902097902097904,-0.26207380820222603,-0.10678157472576445,0.2526660839160839,0.3283216783216783,0.17921734531993652
RW_chegada_reverso,0.2674953425374265,0.47366663187558716,-0.08397395043295909,0.4712451727377101,0.2994401012464304,0.26627766873910413,0.44899475524475524,0.5178758741258741,0.42168164992067686
RW_visitas_reverso,0.31367919232295444,0.4655672685523432,-0.0746156594394353,0.4667362488258011,0.2910161758455298,0.2680489665830698,0.4405157342657343,0.5066870629370629,0.41411951348492854
