atividade,nome,setor_fonte,gamma2011,gamma2018,gamma2015,x,y,e
0191,"Agricultura, inclusive o apoio à agricultura e a pós-colheita",S1,0.04,0.03,0.03428571428571429,309301.0,166314.68674887498,10604.605714285715
0192,"Pecuária, inclusive o apoio à pecuária",S2,0.05,0.04,0.044285714285714296,137018.0,41574.28099062511,6067.940000000001
0280,Produção florestal; pesca e aquicultura,S3,0.19,0.17,0.17857142857142858,32411.0,18067.217656589353,5787.678571428572
0580,Extração de carvão mineral e de minerais não metálicos,S4,0.07,0.08,0.07571428571428572,19733.0,2441.707034426401,1494.0700000000002
0680,"Extração de petróleo e gás, inclusive as atividades de apoio",S5,0.01,0.01,0.01,171984.0,57860.87617657722,1719.8400000000001
0791,"Extração de minério de ferro, inclusive beneficiamentos e a aglomeração",S6,0.02,0.02,0.02,52753.0,44959.54267903395,1055.06
0792,"Extração de minerais metálicos não ferrosos, inclusive beneficiamentos",S7,0.13,0.1,0.11285714285714286,16103.0,9410.030428962467,1817.3385714285716
1091,"Abate e produtos de carne, inclusive os produtos do laticínio e da pesca",S8,0.14,0.1,0.11714285714285715,255198.0,204061.77829539677,29894.62285714286
1092,Fabricação e refino de açúcar,S9,0.42,0.58,0.5114285714285715,48066.0,30529.17602374748,24582.325714285715
1093,Outros produtos alimentares,S10,0.14,0.09,0.11142857142857143,253228.0,168091.19444046624,28216.834285714285
1100,Fabricação de bebidas,S11,0.41,0.38,0.39285714285714285,76444.0,41887.947766164565,30031.571428571428
1200,Fabricação de produtos do fumo,S12,0.05,0.06,0.055714285714285716,15084.0,14311.437201736042,840.3942857142857
1300,Fabricação de produtos têxteis,S13,0.07,0.08,0.07571428571428572,46430.0,16176.417994522719,3515.414285714286
1400,Confecção de artefatos do vestuário e acessórios,S14,0.06,0.07,0.06571428571428571,61302.0,52220.55771537327,4028.4171428571426
1500,Fabricação de calçados e de artefatos de couro,S15,0.05,0.06,0.055714285714285716,40232.0,33929.917921827815,2241.497142857143
1600,Fabricação de produtos da madeira,S16,0.06,0.06,0.06,26588.0,7694.758588988782,1595.28
1700,"Fabricação de celulose, papel e produtos de papel",S17,0.05,0.04,0.044285714285714296,80337.0,35707.361308716645,3557.7814285714294
1800,Impressão e reprodução de gravações,S18,0.15,0.2,0.17857142857142858,19473.0,907.8132677180402,3477.3214285714284
1991,Refino de petróleo e coquerias,S19,0.03,0.02,0.024285714285714282,373349.0,95508.07719109136,9067.047142857142
1992,Fabricação de biocombustíveis,S20,0.05,0.03,0.038571428571428576,42841.0,21413.15534519663,1652.4385714285715
2091,"Fabricação de químicos orgânicos e inorgânicos, resinas e elastômeros",S21,0.07,0.05,0.05857142857142857,145533.0,24548.73361766101,8524.075714285715
2092,"Fabricação de defensivos, desinfestantes, tintas e químicos diversos",S22,0.05,0.04,0.044285714285714296,74484.0,10655.890555013084,3298.577142857144
2093,"Fabricação de produtos de limpeza, cosméticos/perfumaria e higiene pessoal",S23,0.1,0.07,0.08285714285714287,40475.0,29664.18880884966,3353.6428571428573
2100,Fabricação de produtos farmoquímicos e farmacêuticos,S24,0.1,0.07,0.08285714285714287,57972.0,43886.174777542,4803.3942857142865
2200,Fabricação de produtos de borracha e de material plástico,S25,0.07,0.06,0.0642857142857143,101171.0,19899.16060798485,6503.85
2300,Fabricação de produtos de minerais não metálicos,S26,0.05,0.06,0.055714285714285716,89569.0,10077.273574053457,4990.272857142857
2491,"Produção de ferro gusa/ferroligas, siderurgia e tubos de aço sem costura",S27,0.04,0.04,0.04,101592.0,37941.00279729897,4063.6800000000003
2492,Metalurgia de metais não ferosos e a fundição de metais,S28,0.05,0.04,0.044285714285714296,57162.0,26813.21358660034,2531.4600000000005
2500,"Fabricação de produtos de metal, exceto máquinas e equipamentos",S29,0.05,0.05,0.05,91269.0,25450.027345050836,4563.45
2600,"Fabricação de equipamentos de informática, produtos eletrônicos e ópticos",S30,0.12,0.11,0.1142857142857143,85209.0,68792.57089291052,9738.17142857143
2700,Fabricação de máquinas e equipamentos elétricos,S31,0.07,0.07,0.07,71998.0,40119.291577199154,5039.860000000001
2800,Fabricação de máquinas e equipamentos mecânicos,S32,0.05,0.06,0.055714285714285716,120638.0,88793.89359469786,6721.26
2991,"Fabricação de automóveis, caminhões e ônibus, exceto peças",S33,0.01,0.01,0.01,146446.0,138472.03197301505,1464.46
2992,Fabricação de peças e acessórios para veículos automotores,S34,0.04,0.04,0.04,70497.0,18503.890252378107,2819.88
3000,"Fabricação de outros equipamentos de transporte, exceto veículos automotores",S35,0.05,0.06,0.055714285714285716,51015.0,40836.893672711594,2842.264285714286
3180,Fabricação de móveis e de produtos de indústrias diversas,S36,0.08,0.07,0.07428571428571429,70398.0,54160.245037827495,5229.565714285714
3300,"Manutenção, reparação e instalação de máquinas e equipamentos",S37,0.05,0.04,0.044285714285714296,62460.0,13717.270461331764,2766.085714285715
3500,"Energia elétrica, gás natural e outras utilidades",S38,0.16,0.26,0.21714285714285714,260753.0,77539.2648424867,56620.65142857143
3680,"Água, esgoto e gestão de resíduos",S39,0.55,1.03,0.8242857142857144,62845.0,24575.64241165704,51802.23571428572
4180,Construção,S40,0.05,0.07,0.06142857142857144,632308.0,528973.8143910136,38841.77714285715
4580,Comércio por atacado e varejo,S41,0.03,0.02,0.024285714285714282,1100763.0,676181.9422097709,26732.81571428571
4900,Transporte terrestre,S42,0.01,0.02,0.015714285714285715,332855.0,95597.57669726884,5230.578571428572
5000,Transporte aquaviário,S43,0.18,0.13,0.15142857142857144,20080.0,6995.233713743613,3040.6857142857143
5100,Transporte aéreo,S44,0.08,0.07,0.07428571428571429,37338.0,13626.540142631906,2773.6800000000003
5280,"Armazenamento, atividades auxiliares dos transportes e correio",S45,0.03,0.04,0.03571428571428571,115144.0,33191.29163519732,4112.285714285714
5500,Alojamento,S46,0.32,0.29,0.3028571428571429,23990.0,10581.531199447609,7265.542857142857
5600,Alimentação,S47,0.04,0.03,0.03428571428571429,223426.0,188518.91150814728,7660.320000000001
5800,Edição e edição integrada à impressão,S48,0.35,0.24,0.2871428571428571,20486.0,11312.635187462507,5882.40857142857
5980,"Atividades de televisão, rádio, cinema e  gravação/edição de som e imagem",S49,0.26,0.3,0.28285714285714286,43404.0,2204.8234856415174,12277.131428571429
6100,Telecomunicações,S50,0.06,0.08,0.07142857142857142,161039.0,90728.16965396286,11502.785714285714
6280,Desenvolvimento de sistemas e outros serviços de informação,S51,0.11,0.08,0.09285714285714286,125537.0,64811.305337749494,11657.007142857143
6480,"Intermediação financeira, seguros e previdência complementar",S52,0.04,0.02,0.028571428571428574,574611.0,274668.2017410819,16417.457142857143
6800,Atividades imobiliárias,S53,0.04,0.03,0.03428571428571429,545929.0,473082.07090925286,18717.565714285716
6980,"Atividades jurídicas, contábeis, consultoria e sedes de empresas ",S54,0.08,0.06,0.06857142857142857,187868.0,27051.116930540262,12882.377142857144
7180,"Serviços de arquitetura, engenharia, testes/análises técnicas e P & D",S55,0.16,0.19,0.17714285714285713,70844.0,23503.109498628615,12549.50857142857
7380,"Outras atividades profissionais, científicas e técnicas",S56,0.12,0.13,0.12571428571428572,94350.0,3836.767889370551,11861.142857142859
7700,Aluguéis não imobiliários e gestão de ativos de propriedade intelectual,S57,0.32,0.24,0.2742857142857143,45657.0,7998.855529545718,12523.062857142857
7880,Outras atividades administrativas e serviços complementares,S58,0.07,0.06,0.0642857142857143,208430.0,48478.79576849094,13399.07142857143
8000,"Atividades de vigilância, segurança e investigação",S59,0.32,0.34,0.33142857142857146,39955.0,492.6284321163217,13242.228571428574
8400,"Administração pública, defesa e seguridade social",S60,0.04,0.03,0.03428571428571429,719620.0,696035.0459881279,24672.685714285715
8591,Educação pública,S61,0.02,0.02,0.02,309034.0,307300.0294172163,6180.68
8592,Educação privada,S62,0.05,0.03,0.038571428571428576,110787.0,99034.54121920948,4273.2128571428575
8691,Saúde pública,S63,0.02,0.02,0.02,179155.0,178844.47149162722,3583.1
8692,Saúde privada,S64,0.04,0.02,0.028571428571428574,222681.0,201481.22363946482,6362.314285714287
9080,"Atividades artísticas, criativas e de espetáculos",S65,0.32,0.29,0.3028571428571429,34631.0,26437.87032405478,10488.245714285715
9480,Organizações associativas e outros serviços pessoais,S66,0.07,0.07,0.07,145590.0,123857.9008969293,10191.300000000001
9700,Serviços domésticos,S67,0.18,0.16,0.1685714285714286,61996.0,61996.0,10450.754285714287
