,rede,limiar,mediana_alcance,max_alcance,rho_com_e
0,R_total,0.001,47.0,65,0.6362536949428069
1,R_total,0.01,4.0,63,0.5839100449762097
2,R_total,0.05,0.0,28,0.478686487974474
3,R_total,0.1,0.0,10,0.3587662891813033
4,D_so_outros,0.001,64.0,65,0.5948956941645471
5,D_so_outros,0.01,11.0,65,0.6129143865505574
6,D_so_outros,0.05,1.0,60,0.5224895018441877
7,D_so_outros,0.1,0.0,34,0.5085580397346398
8,A_direto,0.001,20.0,65,0.4450168400176203
9,A_direto,0.01,4.0,62,0.3988229611247947
10,A_direto,0.05,1.0,35,0.07908952766987334
11,A_direto,0.1,0.0,4,0.055115990528419666
12,S_monetario,0.001,48.0,65,0.4296016473241601
13,S_monetario,0.01,3.0,64,0.3577696498768325
14,S_monetario,0.05,0.0,33,0.18952912859912846
15,S_monetario,0.1,0.0,4,-0.005198717932774912
