,metodo,referencia,pergunta,definicao,interpretacao_dimensao,aplicabilidade_limitacao,decisao
0,Concentração setorial,HILL; cálculo distributivo,Quantos setores respondem pelo total?,s=e/Σe; HHI=Σs²; Gini=Σ|eᵢ−eⱼ|/(2nΣe); exp(−Σs ln s); 1/HHI,"Volume e desigualdade; efetivos são números equivalentes, não contagens reais.","e, x, VAB, y e f disponíveis. Agregação a 67 setores afeta medidas. Intensidade não é volume.",Principal; comparar e com x e separar atribuição ao destino.
1,Fornecimento direto,MB; CER,Quanto i fornece aos compradores?,Σⱼ≠ᵢ Zᵢⱼ; Σⱼ≠ᵢ Aᵢⱼ; Σⱼ≠ᵢ Bᵢⱼ,"Strength monetária, requerimentos por unidade ou fração vendida; três perguntas distintas.","Aplicável. A soma de coeficientes iguala unidades monetárias dos compradores, não suas escalas reais.","Referência direta; comparar normalizações, sem grau binário como conclusão."
2,Leontief fornecedor,MB; CAR,Quanto cada origem é requerida pelos destinos finais?,L=(I−A)⁻¹; Σⱼ≠ᵢ Lᵢⱼ; Sᵢⱼ=Lᵢⱼ/ΣₖLₖⱼ,Requerimentos de todos os caminhos; S separa participação de tamanho do multiplicador da coluna.,Aplicável; soma monetária não é massa física nem indicador de insubstituibilidade.,Principal; média de S nos outros 66 destinos e L fora da diagonal como robustez.
3,Emissões incorporadas,MB; SA,Quem emite e quem demanda as cadeias?,H=diag(γ)L; P=H diag(y); e=P1; f=Pᵀ1,H intensidade; P volume conservado por origem e atribuído ao destino final.,Aplicável sem emissões estrangeiras; somar e+f duplica o total.,Principal; não percorrer P como se fossem vínculos adjacentes.
4,Dependência ambiental por coluna,MB; adaptação explícita,Quanto do CO₂ do destino vem de cada origem?,Rᵢⱼ=Hᵢⱼ/ΣₖHₖⱼ; média/mediana sobre j≠i; D usa só outras origens,Composição ambiental da cadeia; combina intensidade e estrutura.,Aplicável. R não mede dependência econômica; correlação com e compartilha γ.,Principal como contraste com S; limiares apenas diagnóstico.
5,Dispersão por linha,HILL; adaptação explícita,A quais destinos se atribui o CO₂ de i?,qᵢⱼ=Pᵢⱼ/eᵢ; N₂=1/Σq²; N₁=exp(−Σq ln q),"Diversidade efetiva, total ou condicional aos outros; acompanhar massa externa.",Aplicável; γ cancela. Depende da composição de y. Sem destino: NaN.,Secundário interpretável; baixo vínculo com volume emissor.
6,Katz/Bonacich e autovetor,CAR; ACOT,Quais fornecedores se conectam recursivamente a fornecedores relevantes?,K=(I−αA)⁻¹1; Av=λv; Aᵀu=λu; α<1/ρ(A),Centralidade de passeios ponderados; direção define fornecedor ou comprador.,"Aplicável; α e vetor-base precisam de interpretação. K(1,y)=x por identidade.","Calculados; Katz α=1 redundante com L, não evidência adicional."
7,PageRank,CER,Onde se concentra uma caminhada normalizada?,"p=(1−α)1/n+αQᵀp; Q normalizada por linha, dangling uniforme",Centralidade de transições; rede invertida privilegia fornecedores.,Aplicável aos pesos positivos. Teletransporte e direção são convenções; PR reverso de A e Z coincide.,Robustez α e loops; não principal nem centralidade causal.
8,Alcance binário e vizinhança,BLO; CER,Existe algum caminho até outro setor?,"d⁺=Σ1(Aᵢⱼ>0); alcance por distâncias topológicas ≤1,2,3 e total","Acessibilidade, não relevância do vínculo.",Aplicável. Densidade elevada satura o resultado; conexões minúsculas contam igual.,Testado e descartado como discriminação principal.
9,Closeness/harmônica e betweenness geodésica,BLO; crítica operacional,Quem está perto/intermedeia rotas mínimas?,Harmᵢ=Σⱼ1/dᵢⱼ/(n−1); BCᵢ=Σₛₜ σₛₜ(i)/σₛₜ; d usa 1/A ou −ln A,"Proximidade em distância escolhida, não fluxo econômico efetivo.",Calculáveis em A positivo. Geodésicas não representam a soma dos caminhos IO.,Diagnóstico descartado para a hipótese econômica principal.
10,Primeira passagem e visitas,BLO; adaptação explicitada,Quão rapidamente/frequentemente uma caminhada chega a i?,N⁽ᵗ⁾=(I−Q₋ₜ)⁻¹; h=N1; chegada=1/média(h); visitas por soma de N,Posição em caminhada condicionada às transações intermediárias.,Só componente de 66; terminal final omitido; não é modelo identificado de choque.,"Testado nos dois sentidos; secundário, direção e escala mudam interpretação."
11,Upstreamness/downstreamness,ANT,Qual a distância aos usos finais/entradas primárias?,U=(I−B)⁻¹1; downstream=Lᵀ1,"Posição média na cadeia, não quantidade de destinos nem volume.",Aplicável ao fechamento doméstico; exportações terminais; pequeno negativo auditado.,Retido como contraste: relação quase nula entre e e U.
12,Extração hipotética Leontief,MB; DL,Quais encadeamentos de demanda se perdem ao retirar k?,"x₋ₖ*=(I−A₋ₖ,₋ₖ)⁻¹y₋ₖ; Δxᵢ=Lᵢₖxₖ/Lₖₖ, i≠k",Contrafactual de retirada de atividade e transações; separar perda própria e externa.,"Aplicável, validado por 67 soluções. Não conserva tecnologia de quem perdeu o insumo.",Secundário; não interpretar como ruptura real de oferta.
13,Extração de alocação,MB; DL; derivação por transposição,Como mudam encadeamentos sob distribuição fixa?,"G=(I−B)⁻¹; Δxⱼ=xₖGₖⱼ/Gₖₖ, j≠k; r=x−Zᵀ1",Fechamento de alocação distinto do de demanda.,Aplicável contabilmente. r inclui importações; ausência de substituição e preços.,Comparação crítica; ranking quase ortogonal à extração de demanda normalizada.
14,Caminhos estruturais e sensibilidade,LEN; LQX como motivação,Em que usos de insumos há pressão ambiental encadeada?,E=ΣₕγᵀAʰy; ∂E/∂Aᵢⱼ=(γᵀL)ᵢxⱼ; Tₖ=xₖ[(γᵀL)ₖ−γₖ],"Ordens e sensibilidade marginal por coluna; T conta etapas, não toneladas distintas.",Aplicável; validado por diferenças finitas. Não replicamos o algoritmo SPA-betweenness publicado.,"Secundário: volume T reflete muito o tamanho; melhora de eficiência é cenário, não efeito causal estimado."
15,Network environ analysis física,FP,Como fluxos conservados circulam no ecossistema?,N=(I−G_fluxo)⁻¹; normalização por throughflow exige balanço físico,Fluxos físicos e caminhos integrados; analogia algébrica com Leontief.,P é atribuição de emissões e Z é monetária: não há carbono conservado em transações físicas.,Considerado e não implementado: ascendência/utility física não justificáveis nesta base.
16,Centralidade de choques/essencialidade,ACOT; CAR,Quais choques gerariam perda agregada de produto/bem-estar?,"Pesos de influência dependem da tecnologia, elasticidades e equilíbrio especificados",Importância sistêmica causal exige modelo econômico adicional.,"MIP isolada não identifica elasticidade, substituição, estoques, preços ou adaptação.",Não implementado como causalidade; redes aqui são contábeis/descritivas.
17,Cosseno e clusters,Análises existentes do repositório,Quais setores têm perfis parecidos?,"cos(i,j)=vᵢ·vⱼ/(||vᵢ|| ||vⱼ||)","Similaridade de perfis, sem direção de dependência.",Já tentado; projeções comprimem informação e grupos globais não separaram a hipótese.,Não duplicado; tipologias discretas não impostas.
