atividade_destino,0191,0192,0280,0580,0680,0791,0792,1091,1092,1093,1100,1200,1300,1400,1500,1600,1700,1800,1991,1992,2091,2092,2093,2100,2200,2300,2491,2492,2500,2600,2700,2800,2991,2992,3000,3180,3300,3500,3680,4180,4580,4900,5000,5100,5280,5500,5600,5800,5980,6100,6280,6480,6800,6980,7180,7380,7700,7880,8000,8400,8591,8592,8691,8692,9080,9480,9700
0191,0.0,0.8587945990015514,0.9708987311347488,0.9245481362904437,0.8776232486395488,0.8526642101430003,0.9575771631868868,0.9450774783058908,0.9228602505125613,0.8722434309773687,0.9846746058215897,0.7306239970057938,0.8951176758897676,0.9481709894789243,0.93829600842173,0.9156658429425322,0.8859063902529252,0.9798949259316079,0.8657829132923175,0.5691618132970091,0.6987498828009212,0.7966649500560316,0.9240286619354492,0.9584210402715343,0.8979132388152974,0.8711909140956409,0.8754790634477926,0.8670267936357238,0.9237356313937234,0.985544498716989,0.944483845172315,0.9549121059430501,0.8301616182679398,0.9002338302729981,0.9561708752213733,0.9564903985266936,0.9480669040428091,0.7309232726837382,0.9486786844467932,0.9636523822873118,0.8449465509065921,0.8701050923743813,0.982562644898484,0.9695721713140404,0.9359786645436141,0.9744727014689749,0.9322528486341437,0.9888396053432035,0.978636079705267,0.9641751554719804,0.9811321169975453,0.9406417705819465,0.9873795746876685,0.9549327111441883,0.9658269116492861,0.9689764948771801,0.9763527733013485,0.9348697148188262,0.9800273517275249,0.9417207302450923,0.9362038558645315,0.9400759733964733,0.9044654800384019,0.9418036542568454,0.9873298827301707,0.9489316292951222,1.0
0192,0.8587945990015514,0.0,0.9537328765097582,0.9343240427593295,0.9107946795652779,0.8706418357661496,0.9632104868556689,0.7963863099193496,0.953012637117713,0.7612129682776183,0.9866820289292686,0.9311647945538079,0.9409176269202936,0.9658172817322128,0.9282504118370745,0.9183626765786826,0.9003623196607992,0.9829062939796339,0.9187965477783284,0.8683513598986706,0.8807304090467356,0.9011406076016439,0.9396869969997178,0.9349722399681588,0.9276401419450317,0.883479142957584,0.8909151426894479,0.8834975315788404,0.9325070934291859,0.987491688639859,0.9545034679344757,0.9608858017979989,0.8534866231442869,0.915172739724605,0.9634358450056014,0.9653197437428532,0.9568750681946524,0.7350087995723664,0.9656450347469644,0.9678329346863771,0.8639880527644518,0.9025267806402901,0.9872701945299068,0.9761348127484362,0.9477415349343596,0.9743061001316371,0.9088998806615122,0.9899422576118897,0.9716111940043465,0.9653617994027515,0.9827997937256084,0.9486006177787742,0.9889017082268672,0.9620177732059462,0.9797365930380658,0.958595535610655,0.9813503399750194,0.9424775376020782,0.9838284615079276,0.9485050362209213,0.9370240810073345,0.9419223917631332,0.9079769308039948,0.9453118649334877,0.986752587658842,0.9521967667474776,1.0
0280,0.9708987311347488,0.9537328765097582,0.0,0.9921659464449092,0.9849712042750152,0.9824838358157546,0.995145055395799,0.9779812817048436,0.9947165037786354,0.9741162300654741,0.9978751401476244,0.9802656433774745,0.9892913343522575,0.9930599191745997,0.987059847425584,0.7201420216464962,0.8228620972627925,0.9947487895791131,0.988212689679804,0.9797606299175703,0.9846758632342026,0.9880452013670563,0.9880574253517169,0.9941199588675204,0.9666922908295186,0.9809798780126844,0.9621178354412793,0.9861362325243629,0.9844861620079878,0.9971745344143461,0.992146421625832,0.9915562519486951,0.9684190026585375,0.983389507534485,0.9911892687568742,0.9737744571047002,0.9917075747760221,0.9729308733012304,0.9961090534664707,0.9888308528673962,0.9791573477593016,0.9840785700339336,0.998012209511977,0.995533589316383,0.9912037520826762,0.9959371063446248,0.9839153954432939,0.9974225200859478,0.99563678551061,0.9950034673081668,0.9974350626508708,0.9914758862541266,0.9979689014062678,0.9944662558832705,0.9974362088790041,0.9934699424371609,0.9954792102549923,0.9922059522470679,0.997644479814696,0.9925926096294767,0.9893134779900064,0.9920433254232225,0.9858215973794646,0.990629569218772,0.998183189055503,0.9930503004984381,1.0
0580,0.9245481362904437,0.9343240427593295,0.9921659464449092,0.0,0.9002035985612808,0.8985404799190255,0.9711543650230883,0.9773294784913855,0.9749008102079959,0.9631552555984316,0.9912690198429921,0.9642666223513167,0.9530947153089382,0.9753222783229841,0.968987455963832,0.9528228512579762,0.9369898152492393,0.9875848744483636,0.933664302442315,0.9320379736486941,0.9176197733600565,0.9000386186427238,0.9667017282007874,0.9787897056349115,0.9456928433642778,0.8544393462804276,0.8931081528515483,0.9032890703403653,0.9467023100128346,0.9895618383061044,0.9633311238855552,0.9626514534700582,0.8850364122721807,0.9340260476637199,0.9710681969240147,0.9740102331403384,0.949761724555642,0.8268504093963425,0.9537039857105543,0.9598975847025137,0.9143135115786172,0.92173101512573,0.9886335947966292,0.9773119631750082,0.9550762387704963,0.9829168186526591,0.9685400119784506,0.9926228328771596,0.9831710432596377,0.9714307138995589,0.9862355587593066,0.9551213436070025,0.9893528442512232,0.950845103007511,0.9785869468588477,0.9759606253069253,0.9628675155578544,0.9384587163870762,0.9861103588798825,0.9563633888074731,0.957000546085782,0.9577585010646821,0.9330252700107651,0.9619139318835936,0.9908453545434341,0.9646825050000771,1.0
0680,0.8776232486395488,0.9107946795652779,0.9849712042750152,0.9002035985612808,0.0,0.6960616646524826,0.926996446865661,0.9511779114393476,0.905969338764613,0.9304759316877372,0.969504041180228,0.9071703760958395,0.9365415756533343,0.9488959052614175,0.9327913436500159,0.9133844295270267,0.851439943821985,0.9625725354358763,0.711457270527015,0.8565050257497574,0.8332198518287641,0.847544034529563,0.9103955188531119,0.9239263194511337,0.8966864595944279,0.8651064013173001,0.7922663218812165,0.8375703228079016,0.8594474515469613,0.9532321900522264,0.907337350519067,0.859248947918736,0.680318761108039,0.8599641189191229,0.9229326353439391,0.9411484119835628,0.8519786060473082,0.8490168817053865,0.8852610587072837,0.8889374268565213,0.7747613711467053,0.6971668211705557,0.6978317864478982,0.8046335775472377,0.7650076158648202,0.9503267235334917,0.919220348084895,0.9718303666944411,0.9189020203751729,0.8843320156299017,0.9423566819423471,0.8452685084980958,0.9678069785211032,0.6553417970255238,0.7950400283413905,0.8854262546286757,0.4770452855441182,0.8789848727725057,0.9254755193881217,0.8718975407960035,0.8856438072704859,0.8813844598115912,0.8068249692166931,0.9067452952599837,0.9716736455387418,0.9059073102768691,1.0
0791,0.8526642101430003,0.8706418357661496,0.9824838358157546,0.8985404799190255,0.6960616646524826,0.0,0.9239525284693831,0.9482936894840743,0.932238355550111,0.9321665812802487,0.9751087567597634,0.9099071387414132,0.916594678670317,0.9460079641570704,0.9284548530782663,0.883467450792012,0.8434217944136073,0.9655826248589938,0.7940450728682293,0.8619968483890057,0.8690731662703539,0.8563414716311104,0.9181755447248262,0.9383781967915881,0.8746373950059882,0.8207248970012166,0.7226540568882244,0.7596568233193604,0.8466097493376818,0.9643814626722339,0.9032686501159561,0.8344622138645632,0.6858544618469244,0.8309137523203882,0.9210546213478563,0.9364389976933128,0.8704550924209222,0.6360648503727,0.810329564550145,0.8805638393679115,0.7549362826784844,0.7609543450608607,0.9615150914973449,0.9172873949201595,0.7999837156797894,0.9503294606106729,0.9168793228528137,0.9777184709987662,0.951675771725346,0.9167948266814316,0.9444753299894098,0.8618039746244622,0.9720705124440769,0.7653030060039303,0.8990214587396411,0.9315751917722164,0.8270909534444462,0.8497418726531443,0.9343987378804224,0.856613702043216,0.8751527769926015,0.8816893195858684,0.7988702029968007,0.8866704796799137,0.9752455631178605,0.8943365163970349,1.0
0792,0.9575771631868868,0.9632104868556689,0.995145055395799,0.9711543650230883,0.926996446865661,0.9239525284693831,0.0,0.985893477122479,0.980102216331343,0.9813082803534754,0.9933783910175067,0.9775209555342759,0.9762325897016089,0.9851519657771114,0.9804737688371732,0.9676185151550076,0.9569785486561843,0.9902663043526729,0.943143821519223,0.9615772875853027,0.9605388366985337,0.9595587406274284,0.9782311483324437,0.985233955996453,0.9670966702209347,0.9489902938821664,0.8905303601452829,0.7807628943276759,0.9481225996880336,0.9909335061550752,0.9628531061852226,0.951008320801402,0.9058391771679456,0.9393408877996433,0.9742056322711611,0.9792920338304113,0.9522972194758421,0.8952018682026075,0.9491735727162725,0.9701384835591519,0.9338034572206724,0.9357732128819506,0.9883866193579277,0.979714497582411,0.9530215274615735,0.9867652762151005,0.9775548061313276,0.9946429842503752,0.9891792620132461,0.979542992553198,0.9883505587341233,0.9669813611436023,0.9930919703457041,0.9702526216922474,0.9713032098403761,0.9844896800742228,0.964001155287285,0.9596977657007015,0.9849344540262333,0.9632610898000606,0.9669383067425196,0.970113284889457,0.9466259975986496,0.9699032530541412,0.9937721421077796,0.9727522228553829,1.0
1091,0.9450774783058908,0.7963863099193496,0.9779812817048436,0.9773294784913855,0.9511779114393476,0.9482936894840743,0.985893477122479,0.0,0.974990409081402,0.8658055843313118,0.9861056475184871,0.9729327807388833,0.9799260125444679,0.9865187434544663,0.8214644826268624,0.9702527346824332,0.956742606454224,0.9911546589570722,0.9565839642845861,0.8959462034484453,0.9620556518461848,0.960300706060132,0.9226487415694613,0.9799215580683543,0.9663787598942943,0.9621009808262989,0.956621423952302,0.9569797438138259,0.9689608152321832,0.9932717527747469,0.9810243778756437,0.9820042180441912,0.9302015533999349,0.9661143110937069,0.9839821892177756,0.9854590600175448,0.9791196445775713,0.9260554093886364,0.9785436873463147,0.9866848166189568,0.932641290719456,0.9479021505816415,0.9881632693583934,0.9837233548762059,0.9700898541209539,0.9802653286588275,0.8165184320497743,0.994501051789279,0.9796083797092627,0.9813316213952837,0.9895865120681895,0.9705844958674681,0.9937285525195941,0.9710518557402853,0.9832240903874043,0.9703517204385331,0.9878753863489182,0.973756927487089,0.9865139304453131,0.9648197929293661,0.9411373939359391,0.9704981114749788,0.927005985192475,0.9597388177138528,0.9933715559448324,0.9696036315370659,1.0
1092,0.9228602505125613,0.953012637117713,0.9947165037786354,0.9749008102079959,0.905969338764613,0.932238355550111,0.980102216331343,0.974990409081402,0.0,0.9177345969331051,0.9823107031807005,0.9748196541264135,0.9864629411379624,0.9907431794505873,0.9837156575074106,0.9828720751302491,0.9725705161790453,0.9952356625055168,0.589984474990338,0.7658181412281564,0.9565901574920285,0.9031952776917013,0.9061796341620677,0.9566916789611574,0.9797847859253476,0.971430618456923,0.9691166758679534,0.9732329775013384,0.9805701140815954,0.9957385863128893,0.9863023335858127,0.9854229975542402,0.949599601473236,0.979328515935307,0.9887610397438393,0.9895613703487165,0.9821667118664331,0.9837741520063734,0.9936584894397475,0.9864590135102956,0.9657070507092212,0.7997353422890803,0.9903265316990991,0.9667018726958807,0.9754234609901503,0.9957076983528459,0.9437236038287354,0.9976706278658368,0.9965270430529677,0.9935652043935732,0.9966685235924507,0.9885186261031266,0.9975631978147775,0.991004734812701,0.9923908761672057,0.9945241572732,0.993783941428403,0.9898985954619005,0.9947251335948957,0.9839164099222226,0.9782875008533972,0.9893477576576336,0.9714693041755977,0.98218413673336,0.9979653336989709,0.9856337903310218,1.0
1093,0.8722434309773687,0.7612129682776183,0.9741162300654741,0.9631552555984316,0.9304759316877372,0.9321665812802487,0.9813082803534754,0.8658055843313118,0.9177345969331051,0.0,0.9824550583422281,0.9515846174777174,0.9717697497069141,0.9815303046520386,0.9551588404240701,0.9621436412536006,0.933428223006202,0.9883276394890853,0.9046217304153095,0.7877317718243249,0.9401338028026748,0.9217211010884081,0.9288140524887747,0.9746309454470462,0.9482164839686078,0.9514781232541981,0.9462937211453248,0.9475534650023427,0.9640802190991951,0.9913074785274761,0.975570092023895,0.9770645177958628,0.9096581670881331,0.9574757521973788,0.979441362147295,0.980170705035222,0.973337697515514,0.9218269649293865,0.9720717344307749,0.9822706256498925,0.9139518068285957,0.914758582814867,0.9894065409162369,0.9773991162927973,0.9630516830282997,0.9827812003759572,0.8600098263095292,0.9931206954628186,0.9755339611125995,0.9767980309564758,0.9872546377884626,0.9662384628163402,0.9927417828433547,0.9619112588305757,0.9813266079133613,0.964046632746848,0.9832814771167449,0.9691692629524639,0.9855293647140995,0.9632808217632508,0.9429519430731099,0.9686742861497939,0.9156332658779495,0.9583594228733725,0.9918654107700049,0.9635582436016182,1.0
1100,0.9846746058215897,0.9866820289292686,0.9978751401476244,0.9912690198429921,0.969504041180228,0.9751087567597634,0.9933783910175067,0.9861056475184871,0.9823107031807005,0.9824550583422281,0.0,0.989630285086326,0.9927453678967197,0.99356925909605,0.9891954790383564,0.989630878915455,0.9850632470274379,0.9943212684531915,0.9793596590245498,0.9820152965625807,0.9875383202919179,0.9824925093659552,0.9874307528953755,0.9890273846016766,0.9823948541304898,0.9834017176455386,0.9765248443221474,0.9792428169566366,0.9801285942552146,0.9957281393932548,0.9898925328288174,0.9880267791229205,0.9525087126563246,0.9834069804641427,0.9901880744418127,0.9925540661045393,0.9858800114016882,0.9824350647720905,0.9800947474857993,0.9926105756519809,0.9730678157593163,0.9743474194489183,0.9970525771768917,0.9778400887802334,0.9830985899383038,0.9640901848405454,0.21977951570817167,0.9959596911736279,0.975676346183175,0.9875635020870166,0.9943937968348903,0.9747474380965097,0.9966979308973153,0.9833666254934166,0.9945386228372547,0.965301295184587,0.9938539443590277,0.9830681745771732,0.9949721208215538,0.9688990158722018,0.9703207056326574,0.9844379474759722,0.9258159621455436,0.9550985109179777,0.9936418549575573,0.953222968031205,1.0
1200,0.7306239970057938,0.9311647945538079,0.9802656433774745,0.9642666223513167,0.9071703760958395,0.9099071387414132,0.9775209555342759,0.9729327807388833,0.9748196541264135,0.9515846174777174,0.989630285086326,0.0,0.9594654225290545,0.9752818833246348,0.9664055608254493,0.9567755885591517,0.9097178649325778,0.9840981907488185,0.9411678244102728,0.8694574918733834,0.9021403454238723,0.9200773877665167,0.9602827810359156,0.9701515857798635,0.952998774781364,0.9372712108297375,0.9326360816805739,0.9329200588019058,0.9575664831682076,0.987285811078655,0.9672658200431647,0.9707345489963446,0.8791626783793928,0.9445479887650783,0.9735903935402715,0.976339918552506,0.9671600295635608,0.8839370594810939,0.9676455146078738,0.9784439392920866,0.8969390465966933,0.9252435719237961,0.9886479617647407,0.9763707008194912,0.944122864348717,0.9804803810788603,0.9648171941816343,0.9884537029191414,0.9504695729850939,0.9660918987679231,0.9790624563210273,0.9402491453036116,0.9889086223346809,0.901291685362845,0.9569857254601903,0.9275939755843785,0.9798764619559481,0.9522195446609873,0.9383200685843482,0.9554024397327279,0.9553551772363753,0.9551974890515345,0.9364584853235411,0.9655972868189597,0.9863948032370553,0.9679415579376455,1.0
1300,0.8951176758897676,0.9409176269202936,0.9892913343522575,0.9530947153089382,0.9365415756533343,0.916594678670317,0.9762325897016089,0.9799260125444679,0.9864629411379624,0.9717697497069141,0.9927453678967197,0.9594654225290545,0.0,0.710431112543392,0.863539875809622,0.9549701720754706,0.9326170178897142,0.9878595395905404,0.9633118437629946,0.9365873332647056,0.8970862596810784,0.938371706527516,0.9695631107862339,0.9803579708649636,0.9418210921272012,0.9313836614636917,0.9261276390603973,0.921265187121181,0.9559303417347624,0.99149879366215,0.9682336133819031,0.9735793146191197,0.8870265969604121,0.9118318288049201,0.9720405077582855,0.9553605685369493,0.969667975956542,0.8344758793515336,0.9654335138997425,0.9791607149895406,0.9094714809987491,0.939110926086991,0.9914083452133571,0.9836537459959255,0.9627521160853516,0.9813975456758858,0.9715301801478518,0.9934744103536682,0.9846702544537895,0.973855866691576,0.9880909570782734,0.9652779358553475,0.990374005709577,0.9728905579263407,0.9850956391992644,0.9782055170088149,0.9870982208481682,0.957699391905789,0.9867550820739454,0.9645434774971282,0.9612733046815011,0.9634653943295262,0.9444785278460449,0.9648429159292217,0.9915703341600732,0.9634975737889807,1.0
1400,0.9481709894789243,0.9658172817322128,0.9930599191745997,0.9753222783229841,0.9488959052614175,0.9460079641570704,0.9851519657771114,0.9865187434544663,0.9907431794505873,0.9815303046520386,0.99356925909605,0.9752818833246348,0.710431112543392,0.0,0.9484387775989078,0.9721351175755222,0.9581237434584876,0.98915025788155,0.9726489844366815,0.9638844091929877,0.9534265587004047,0.9638599507744717,0.9786925752932946,0.9851674142229035,0.9647639009893452,0.9595028418049718,0.951886549243779,0.951337579629674,0.970050199653566,0.992364456778972,0.9787923080932011,0.9803462965518723,0.9196987643223371,0.9532979266003845,0.9814855463671922,0.9645634613124137,0.9764588914078876,0.9171919493126307,0.9717385225894415,0.9854793429764739,0.9156461839558404,0.9508511516300862,0.9929571675551806,0.9816022429697667,0.9677300968669795,0.9869345783893694,0.9785235108572838,0.9935788821422779,0.9746569122884116,0.9691509828358227,0.9880849792510523,0.9634313840003402,0.9901180198345609,0.9751856709487843,0.9812940769225035,0.964123854055561,0.9861243991723788,0.9677468691954273,0.9846379988188871,0.971429960772678,0.9655661894482139,0.9743208457993622,0.9582441232476201,0.97400793696594,0.9913510627923467,0.9695675964321215,1.0
1500,0.93829600842173,0.9282504118370745,0.987059847425584,0.968987455963832,0.9327913436500159,0.9284548530782663,0.9804737688371732,0.8214644826268624,0.9837156575074106,0.9551588404240701,0.9891954790383564,0.9664055608254493,0.863539875809622,0.9484387775989078,0.0,0.9629681457237479,0.9340951432954242,0.984491591294676,0.9568797171210552,0.9418761625768326,0.9196118365222926,0.9438588567256035,0.958530200949011,0.9766225553138986,0.9387449598207516,0.9471095953771546,0.9367843277535401,0.9368224311815844,0.9601513130323739,0.9889359696722032,0.9707697262466367,0.973662826168257,0.884879203899111,0.9455092584807948,0.9753510403637793,0.9704831587683207,0.968595361347118,0.8963926607054985,0.9623349668875321,0.9808027408013404,0.8943470599462151,0.931760095641368,0.989388985956846,0.9797649609677829,0.9565218295924806,0.9825901932257695,0.9453495356355631,0.9889056154733347,0.9423854631376962,0.9635576156695022,0.9834429725014707,0.951799020385129,0.9894004359848587,0.9639720505116557,0.9758593921874229,0.9154808560730536,0.9808111270658536,0.9566034231976117,0.9773968433317535,0.9607133935218011,0.9584946997087191,0.9617858681702315,0.9386234613859061,0.964637120372155,0.9857619950964318,0.9677822785331841,1.0
1600,0.9156658429425322,0.9183626765786826,0.7201420216464962,0.9528228512579762,0.9133844295270267,0.883467450792012,0.9676185151550076,0.9702527346824332,0.9828720751302491,0.9621436412536006,0.989630878915455,0.9567755885591517,0.9549701720754706,0.9721351175755222,0.9629681457237479,0.0,0.8590785476270877,0.9827500386316183,0.9500357641860405,0.9364390803857855,0.9203240941236518,0.9201856777517944,0.9615271777815145,0.9760880717229491,0.9304669629922523,0.911421898770416,0.8625046898981242,0.8732910790426963,0.9280891625835591,0.9879848053041048,0.9574184385822334,0.9565926682453487,0.8570629436140951,0.916203580659168,0.9563614811043842,0.9018296759396325,0.9486935754425454,0.8061166343230941,0.8789836896683743,0.9643852733015364,0.8780911508439186,0.9160362016249939,0.9774464520051152,0.976366700470595,0.9368427503663427,0.9788848277889703,0.9576405359090706,0.9910617478439026,0.981126245444092,0.9668240492235715,0.9842062090488499,0.9527154693076473,0.9875042077501666,0.9609672067281898,0.9803556379253331,0.9732839123154987,0.9718085045883939,0.9322511514917894,0.9764241941761502,0.9303580686764577,0.9388299044290067,0.9498485733663378,0.9011997910200839,0.9364091573037487,0.989245797844898,0.9500413637151303,1.0
1700,0.8859063902529252,0.9003623196607992,0.8228620972627925,0.9369898152492393,0.851439943821985,0.8434217944136073,0.9569785486561843,0.956742606454224,0.9725705161790453,0.933428223006202,0.9850632470274379,0.9097178649325778,0.9326170178897142,0.9581237434584876,0.9340951432954242,0.8590785476270877,0.0,0.9571827546181434,0.9170223271285239,0.9074324216551262,0.8601228581858296,0.8872294490280339,0.9241016184283237,0.955391081975255,0.8963205160852658,0.872047868734955,0.8517721704474309,0.8559275671692949,0.9097476793847952,0.9774400182432841,0.9397091677510115,0.9448971264850679,0.7980520760916519,0.8878681734688105,0.9505238717447051,0.9468723439883611,0.9214814617980683,0.7630827281493338,0.9016782000720364,0.9601663930836375,0.8289801793660496,0.8751449171688274,0.9382495153571556,0.9611122621673331,0.9038721497290506,0.9703312824604334,0.9417184088489617,0.9794953029882565,0.958781060665048,0.9476016249576982,0.971644646866307,0.9213685759853006,0.983089685032412,0.9213756868228873,0.9507661191320532,0.9388730256809242,0.9437929059395196,0.9118602548968773,0.9439107278037578,0.9198275119120923,0.9193173029647518,0.9269021798343737,0.8819395832811385,0.9286176167425791,0.9831071418595683,0.939855615116916,1.0
1800,0.9798949259316079,0.9829062939796339,0.9947487895791131,0.9875848744483636,0.9625725354358763,0.9655826248589938,0.9902663043526729,0.9911546589570722,0.9952356625055168,0.9883276394890853,0.9943212684531915,0.9840981907488185,0.9878595395905404,0.98915025788155,0.984491591294676,0.9827500386316183,0.9571827546181434,0.0,0.9837751642028524,0.9806108309755196,0.9789800690149205,0.9683775491958898,0.9837157729529528,0.9878197574982331,0.9664281993473915,0.9777427443046575,0.9728715980542986,0.9723166293786384,0.9809609923325529,0.9824706692951204,0.9844153561701505,0.9840924282289035,0.9377283621293978,0.9752995661479837,0.9869995836962734,0.9875365393337369,0.9727224960643258,0.9684185852661696,0.9859532018894976,0.989788872488876,0.9232365905008536,0.9684198647570692,0.994260180245823,0.9870582272332402,0.9767182501916423,0.9941162865251782,0.9848249790218266,0.9488415463468791,0.9857909665448331,0.9690423755670582,0.9829588978208493,0.9627849150751207,0.9929459513698031,0.9778966851711652,0.988288146045121,0.9531481672176496,0.9841693858427502,0.9723802115049466,0.9922546224621871,0.9763801100230658,0.9729031719035753,0.9775542649371448,0.9679739994326022,0.9817985799956279,0.9913532077415056,0.9808074686955138,1.0
1991,0.8657829132923175,0.9187965477783284,0.988212689679804,0.933664302442315,0.711457270527015,0.7940450728682293,0.943143821519223,0.9565839642845861,0.589984474990338,0.9046217304153095,0.9793596590245498,0.9411678244102728,0.9633118437629946,0.9726489844366815,0.9568797171210552,0.9500357641860405,0.9170223271285239,0.9837751642028524,0.0,0.7634062335516946,0.8827342984336127,0.8828404286423909,0.9171317922065397,0.9522018113403505,0.9393227449329687,0.9123584659902018,0.8816123393644383,0.9013782319500466,0.9340198744889836,0.982431524363929,0.9529022932923734,0.9481052977356067,0.8344265605737371,0.9274641719667046,0.9621301169293858,0.9677677852410164,0.9414553193162706,0.9396882705002291,0.9343210027919681,0.9554350663346062,0.8790609787679489,0.5205930540452801,0.9172442758583361,0.8933778044121665,0.9064054818323273,0.9823690609252071,0.935244636077932,0.9892659863912174,0.9739483552537617,0.9633718149410861,0.980354407698017,0.9391556075083752,0.987457942469699,0.894027081261176,0.95247507525191,0.9624513153433023,0.9026565570493917,0.950319051725993,0.97309564314343,0.9427873454929345,0.9456543258621569,0.955923859415289,0.9149329432775364,0.9510467934429876,0.9898723933639332,0.955659760373849,1.0
1992,0.5691618132970091,0.8683513598986706,0.9797606299175703,0.9320379736486941,0.8565050257497574,0.8619968483890057,0.9615772875853027,0.8959462034484453,0.7658181412281564,0.7877317718243249,0.9820152965625807,0.8694574918733834,0.9365873332647056,0.9638844091929877,0.9418761625768326,0.9364390803857855,0.9074324216551262,0.9806108309755196,0.7634062335516946,0.0,0.811262627331017,0.8528552733770498,0.9115077891570905,0.9532074573517043,0.920742915446163,0.903121001510797,0.8905474951141753,0.8920466201568511,0.9339176279288763,0.9846913901073475,0.9521536845011804,0.9563316923726725,0.8412312471176328,0.9173343833365906,0.9613293526132775,0.9645823844987625,0.9404679164853547,0.8281933509462447,0.9409060815104423,0.9655938812144687,0.8620194803635335,0.816304139931409,0.9791428938665819,0.9592430419910454,0.9170924435813098,0.976771736408973,0.918922808104823,0.9885390411514241,0.9704735006386114,0.9584240778803506,0.9791922607847318,0.9299115215057676,0.9846651555598692,0.9349158326311054,0.9448899487374206,0.9572950844776623,0.9649907294375544,0.9294586097208459,0.9738613104791787,0.9395809211217565,0.9360402859229212,0.947749075551562,0.9035086882024771,0.9446429755734421,0.9875923080328483,0.9510173203244132,1.0
2091,0.6987498828009212,0.8807304090467356,0.9846758632342026,0.9176197733600565,0.8332198518287641,0.8690731662703539,0.9605388366985337,0.9620556518461848,0.9565901574920285,0.9401338028026748,0.9875383202919179,0.9021403454238723,0.8970862596810784,0.9534265587004047,0.9196118365222926,0.9203240941236518,0.8601228581858296,0.9789800690149205,0.8827342984336127,0.811262627331017,0.0,0.724949329390612,0.8908324664082737,0.9552571764585935,0.8149484792548631,0.8742052922494821,0.8747390119434134,0.8663767782103173,0.9172286807028266,0.9853224793613165,0.9264371962325211,0.9557024475846921,0.8206477004762212,0.8920987200443776,0.9487864613216488,0.9423198803527106,0.9421134350601729,0.8105168869173225,0.9202797116209906,0.9623403764543931,0.8834755092132729,0.8811357023950633,0.9752714014680627,0.9699241720194771,0.9396312931303635,0.9784116471296467,0.952562418459744,0.9871556582779064,0.9828644724950646,0.9686852407106461,0.9820587909862624,0.950363502709233,0.9882370240608613,0.9476596343691989,0.969728364068826,0.9750562407778891,0.9770018409135126,0.938449561093481,0.9783491199993082,0.9410963404239018,0.9429581309557272,0.9505246901869763,0.9067238111062663,0.9384894469923813,0.9894764076210415,0.953813646461265,1.0
2092,0.7966649500560316,0.9011406076016439,0.9880452013670563,0.9000386186427238,0.847544034529563,0.8563414716311104,0.9595587406274284,0.960300706060132,0.9031952776917013,0.9217211010884081,0.9824925093659552,0.9200773877665167,0.938371706527516,0.9638599507744717,0.9438588567256035,0.9201856777517944,0.8872294490280339,0.9683775491958898,0.8828404286423909,0.8528552733770498,0.724949329390612,0.0,0.904814858930232,0.9486873738466077,0.883023075382211,0.8908979982716071,0.8522144068346229,0.8622477727577563,0.9111179778127259,0.9811256967262946,0.9420441934474196,0.949963219240685,0.805866806205582,0.9012098028369528,0.9516405185507936,0.952279737600382,0.9326075861744163,0.8546890265267828,0.8580536318691069,0.9543709174812217,0.8489963848073547,0.8706106052702494,0.9814632643384495,0.9608651105020742,0.9143175093895176,0.9711268323098833,0.9411699839212554,0.9850137991467949,0.9599533698586172,0.954098652401948,0.9722760600822494,0.9313388547015601,0.9814095977067041,0.8897640397298113,0.9446341034494695,0.9420323385674695,0.9637442545919835,0.9089812642121438,0.9617012911898942,0.9149671202738426,0.9257896386200648,0.9428196333225181,0.8747013960939864,0.9274424456479118,0.985371517721673,0.9435282634532375,1.0
2093,0.9240286619354492,0.9396869969997178,0.9880574253517169,0.9667017282007874,0.9103955188531119,0.9181755447248262,0.9782311483324437,0.9226487415694613,0.9061796341620677,0.9288140524887747,0.9874307528953755,0.9602827810359156,0.9695631107862339,0.9786925752932946,0.958530200949011,0.9615271777815145,0.9241016184283237,0.9837157729529528,0.9171317922065397,0.9115077891570905,0.8908324664082737,0.904814858930232,0.0,0.9698807721959719,0.9198288354165656,0.9417812742277706,0.9250018766534106,0.9308138530750402,0.9400006050430373,0.987491272788267,0.967253037338749,0.9695428752345407,0.8744948949987894,0.9449669665135694,0.9723386956530258,0.9747813760978111,0.9648981454727887,0.9233224054667688,0.9381894290520553,0.9774935817946608,0.9011431389919236,0.9110994717694639,0.9864600435077229,0.9769422842739495,0.9471815885257786,0.9838170777204538,0.9534937717108989,0.9882681769810004,0.9442437500308514,0.9679383886661613,0.983164159861477,0.9529258430636497,0.9891906789211636,0.9384770728946414,0.9596475524175409,0.9172741595749618,0.9795703785070337,0.9470511398822219,0.9802778332454676,0.9532055833266055,0.9551724867260358,0.9613784958903924,0.9302110004226818,0.9534273904964987,0.9852855888443394,0.9624143124547018,1.0
2100,0.9584210402715343,0.9349722399681588,0.9941199588675204,0.9787897056349115,0.9239263194511337,0.9383781967915881,0.985233955996453,0.9799215580683543,0.9566916789611574,0.9746309454470462,0.9890273846016766,0.9701515857798635,0.9803579708649636,0.9851674142229035,0.9766225553138986,0.9760880717229491,0.955391081975255,0.9878197574982331,0.9522018113403505,0.9532074573517043,0.9552571764585935,0.9486873738466077,0.9698807721959719,0.0,0.9657991645796552,0.9641159780543328,0.9519113777825577,0.955943614540107,0.9706699942052509,0.9892136062706662,0.976860894950949,0.9777234350444081,0.904275566400738,0.9629105422147093,0.9810465972786362,0.9834806860867246,0.9730051135207906,0.9490329320983877,0.9643118265580123,0.9844182359191294,0.9263445181240023,0.9397147126571329,0.9923307969805959,0.9806651116013801,0.9537447302504767,0.9835064072250957,0.9724781445264487,0.9895795697542654,0.9418057211080031,0.9683980714878981,0.9787749499022889,0.9576767394130032,0.9905670634462856,0.9186247476834919,0.9503951841573435,0.9144199270832545,0.9814606965272517,0.9570111657577971,0.9717999887209641,0.9640230667933856,0.9650609075295724,0.9663959757647667,0.900334809207151,0.9147126060870692,0.9867745233325411,0.9720168066472865,1.0
2200,0.8979132388152974,0.9276401419450317,0.9666922908295186,0.9456928433642778,0.8966864595944279,0.8746373950059882,0.9670966702209347,0.9663787598942943,0.9797847859253476,0.9482164839686078,0.9823948541304898,0.952998774781364,0.9418210921272012,0.9647639009893452,0.9387449598207516,0.9304669629922523,0.8963205160852658,0.9664281993473915,0.9393227449329687,0.920742915446163,0.8149484792548631,0.883023075382211,0.9198288354165656,0.9657991645796552,0.0,0.8922046945460408,0.8865301938773831,0.8948218876805497,0.929907866100699,0.9796861482710726,0.9319048155766031,0.9446801466725335,0.6631623926000025,0.866245134210103,0.9401955784934729,0.9354457753678169,0.9298954420022059,0.8423147838028507,0.9240272061378522,0.9513066725078897,0.8693102418375157,0.8566747965706694,0.9861730373763833,0.9568134814532718,0.9408622132383655,0.9797445986686845,0.9522975814274571,0.9895001952657501,0.9763911209005547,0.9669337144690009,0.9826914856758555,0.9530940744358357,0.9875679568101892,0.9511756332481873,0.9603783160835561,0.9651526082082584,0.9769674901161927,0.9396130288699533,0.9766545226217466,0.9443713616845367,0.9457966232433266,0.9542074837610185,0.90908786855013,0.943818000887431,0.989114850489095,0.9567333682630165,1.0
2300,0.8711909140956409,0.883479142957584,0.9809798780126844,0.8544393462804276,0.8651064013173001,0.8207248970012166,0.9489902938821664,0.9621009808262989,0.971430618456923,0.9514781232541981,0.9834017176455386,0.9372712108297375,0.9313836614636917,0.9595028418049718,0.9471095953771546,0.911421898770416,0.872047868734955,0.9777427443046575,0.9123584659902018,0.903121001510797,0.8742052922494821,0.8908979982716071,0.9417812742277706,0.9641159780543328,0.8922046945460408,0.0,0.822971124474343,0.8245899796368894,0.9085752527718315,0.9824256118857153,0.9347515877485435,0.9413775959275135,0.7652126128614165,0.8808372078534188,0.945692605806349,0.9502597750349919,0.9206437045682995,0.6838507729355489,0.8823984762718644,0.885152863699283,0.838477510857847,0.8762927394926394,0.9795857214021293,0.9658376877743694,0.9127646881607988,0.9675402045411756,0.9410714838947547,0.987445893495532,0.9711418777451849,0.9471562891089051,0.9761730364275416,0.930113952001099,0.9771744861542958,0.929642267972636,0.9560254198826346,0.9589416205426263,0.963254443897378,0.9034064114029802,0.9530865583122304,0.910504286398488,0.9156750890301427,0.9232282725589018,0.8679162082764406,0.9245158719102566,0.9836560701128488,0.9332673677805852,1.0
2491,0.8754790634477926,0.8909151426894479,0.9621178354412793,0.8931081528515483,0.7922663218812165,0.7226540568882244,0.8905303601452829,0.956621423952302,0.9691166758679534,0.9462937211453248,0.9765248443221474,0.9326360816805739,0.9261276390603973,0.951886549243779,0.9367843277535401,0.8625046898981242,0.8517721704474309,0.9728715980542986,0.8816123393644383,0.8905474951141753,0.8747390119434134,0.8522144068346229,0.9250018766534106,0.9519113777825577,0.8865301938773831,0.822971124474343,0.0,0.6376040491310866,0.7334868337540078,0.9743751226263924,0.8885054041624878,0.8677655694812496,0.6098543214259045,0.7564736201218105,0.8974506695962018,0.928396309531364,0.8396261724483591,0.7087005895842482,0.47232533203756244,0.9217777398293265,0.7704733391119232,0.8151181750343087,0.9639344610093181,0.9499114251462749,0.8356639589343506,0.9496988460600173,0.9056187159471298,0.9830887581043317,0.968075355478043,0.9377639067498096,0.9658466512763039,0.9034861933814112,0.9742090837128592,0.911642362230613,0.9529419207261659,0.954274741673441,0.9385099473334585,0.811644727286286,0.9667356511598891,0.7792724559344748,0.8397979284706725,0.8989550487045501,0.7172135459326864,0.8246041430128662,0.9791308157849651,0.8735367286866126,1.0
2492,0.8670267936357238,0.8834975315788404,0.9861362325243629,0.9032890703403653,0.8375703228079016,0.7596568233193604,0.7807628943276759,0.9569797438138259,0.9732329775013384,0.9475534650023427,0.9792428169566366,0.9329200588019058,0.921265187121181,0.951337579629674,0.9368224311815844,0.8732910790426963,0.8559275671692949,0.9723166293786384,0.9013782319500466,0.8920466201568511,0.8663767782103173,0.8622477727577563,0.9308138530750402,0.955943614540107,0.8948218876805497,0.8245899796368894,0.6376040491310866,0.0,0.8402874282683949,0.976978050050118,0.8685178501163672,0.9034826208101674,0.6920030954640886,0.7779177649222723,0.9103329415149874,0.9270642908760569,0.8761564366021394,0.656099583666911,0.5685409096812747,0.9080976605701016,0.7689585239741445,0.8448119537525806,0.9726447669617214,0.9593121783716487,0.867963918811379,0.9548187573094856,0.9136575031103633,0.9846776086064813,0.9740925955744847,0.9423340400812266,0.9712579573946509,0.9152866634165829,0.977621668185583,0.9355904991766812,0.9565723186586998,0.9628766320360704,0.958666164833031,0.8278288332847805,0.9725180869265749,0.8099525323829588,0.8555494167762249,0.9019785276770377,0.7499227858663671,0.8447497778874161,0.9802844899275748,0.8859268281702635,1.0
2500,0.9237356313937234,0.9325070934291859,0.9844861620079878,0.9467023100128346,0.8594474515469613,0.8466097493376818,0.9481225996880336,0.9689608152321832,0.9805701140815954,0.9640802190991951,0.9801285942552146,0.9575664831682076,0.9559303417347624,0.970050199653566,0.9601513130323739,0.9280891625835591,0.9097476793847952,0.9809609923325529,0.9340198744889836,0.9339176279288763,0.9172286807028266,0.9111179778127259,0.9400006050430373,0.9706699942052509,0.929907866100699,0.9085752527718315,0.7334868337540078,0.8402874282683949,0.0,0.9811059736601856,0.9279103636993461,0.9095598881578153,0.7623514570810095,0.8706501719839917,0.9092013014315006,0.9548640973166408,0.8899391475329806,0.8312204545649033,0.8540891319209925,0.9394279901315977,0.8637495652555035,0.8951829277572952,0.981753733025859,0.9693477532036836,0.9184079858805787,0.9715527785331192,0.947182798576624,0.9888664759409432,0.9684198286091568,0.9567143537631829,0.9784772393855304,0.9402879134120956,0.9847436411016147,0.9496366622970412,0.9606528195958659,0.9543580698338469,0.955298257893953,0.9172593728711343,0.9662470880765158,0.9165851819361559,0.9306988675098085,0.9447781857867977,0.8834729629701787,0.9324641323843212,0.9865969747228241,0.9437502212814107,1.0
2600,0.985544498716989,0.987491688639859,0.9971745344143461,0.9895618383061044,0.9532321900522264,0.9643814626722339,0.9909335061550752,0.9932717527747469,0.9957385863128893,0.9913074785274761,0.9957281393932548,0.987285811078655,0.99149879366215,0.992364456778972,0.9889359696722032,0.9879848053041048,0.9774400182432841,0.9824706692951204,0.982431524363929,0.9846913901073475,0.9853224793613165,0.9811256967262946,0.987491272788267,0.9892136062706662,0.9796861482710726,0.9824256118857153,0.9743751226263924,0.976978050050118,0.9811059736601856,0.0,0.9687377219872275,0.9760974836998504,0.9381005292483828,0.9758267826904046,0.9862160294068257,0.9902723174056738,0.9639156628342282,0.9768849377561191,0.9849012891911477,0.9891674203193573,0.9537304358733212,0.9707741738508022,0.9947975326818786,0.9889735841770887,0.9735910792462347,0.9924638466351572,0.9889530127410281,0.994315113029097,0.9743249094013637,0.9779195828534207,0.978426072468045,0.974672480311546,0.9948936348678996,0.9664842886413703,0.9752140753479012,0.9627662002285673,0.989693061981899,0.9748099039829786,0.9871369688982853,0.9810826885468316,0.9781703023953988,0.9828480120693863,0.9728531466364436,0.9850801644234713,0.9938234250967426,0.9830808084203233,1.0
2700,0.944483845172315,0.9545034679344757,0.992146421625832,0.9633311238855552,0.907337350519067,0.9032686501159561,0.9628531061852226,0.9810243778756437,0.9863023335858127,0.975570092023895,0.9898925328288174,0.9672658200431647,0.9682336133819031,0.9787923080932011,0.9707697262466367,0.9574184385822334,0.9397091677510115,0.9844153561701505,0.9529022932923734,0.9521536845011804,0.9264371962325211,0.9420441934474196,0.967253037338749,0.976860894950949,0.9319048155766031,0.9347515877485435,0.8885054041624878,0.8685178501163672,0.9279103636993461,0.9687377219872275,0.0,0.9350352260583226,0.8408152070137704,0.9150573953024279,0.9580116898767669,0.9706186145653742,0.9072478906061872,0.8878833262012368,0.9233058217836083,0.9607216699120179,0.8895705275983763,0.9194671815177586,0.9872227946313372,0.9771073811573585,0.9426278471702709,0.9806807927246013,0.968576201733547,0.9905840950418794,0.9679581548916285,0.9605739514088127,0.9786194595708722,0.9533292601975478,0.9877595012777423,0.9357186463161916,0.968230581548506,0.9536577454781675,0.9772406535022254,0.9421163112075241,0.9772632209761367,0.9482700859360796,0.9549758497312553,0.9609133526790883,0.9267335664160491,0.9570274143585829,0.9888832526419284,0.9600590961432998,1.0
2800,0.9549121059430501,0.9608858017979989,0.9915562519486951,0.9626514534700582,0.859248947918736,0.8344622138645632,0.951008320801402,0.9820042180441912,0.9854229975542402,0.9770645177958628,0.9880267791229205,0.9707345489963446,0.9735793146191197,0.9803462965518723,0.973662826168257,0.9565926682453487,0.9448971264850679,0.9840924282289035,0.9481052977356067,0.9563316923726725,0.9557024475846921,0.949963219240685,0.9695428752345407,0.9777234350444081,0.9446801466725335,0.9413775959275135,0.8677655694812496,0.9034826208101674,0.9095598881578153,0.9760974836998504,0.9350352260583226,0.0,0.8284709067999594,0.9270980332510368,0.9560286484141154,0.9706972806880415,0.8491427481395002,0.908281797156801,0.9236397574627331,0.9685647607806712,0.8848388835579499,0.9220971730988617,0.9815382670684888,0.9750331242380592,0.9390990489432534,0.9780334436440022,0.9679646467171347,0.9910500771120221,0.9742333344444611,0.9666368321051135,0.9817607859128727,0.9532580209293853,0.9887877934873411,0.9500155381596497,0.9402259660233866,0.9626279478517479,0.970236969023985,0.9357873479240343,0.9714572083187463,0.9485697897091032,0.9546569405072489,0.9638494373872109,0.9238098745900654,0.9583378387920258,0.9904433753666034,0.9645995849966295,1.0
2991,0.8301616182679398,0.8534866231442869,0.9684190026585375,0.8850364122721807,0.680318761108039,0.6858544618469244,0.9058391771679456,0.9302015533999349,0.949599601473236,0.9096581670881331,0.9525087126563246,0.8791626783793928,0.8870265969604121,0.9196987643223371,0.884879203899111,0.8570629436140951,0.7980520760916519,0.9377283621293978,0.8344265605737371,0.8412312471176328,0.8206477004762212,0.805866806205582,0.8744948949987894,0.904275566400738,0.6631623926000025,0.7652126128614165,0.6098543214259045,0.6920030954640886,0.7623514570810095,0.9381005292483828,0.8408152070137704,0.8284709067999594,0.0,0.3815184002026174,0.8830274230743103,0.8971323734080272,0.8469746993767472,0.6669340902731131,0.7407064761008924,0.9009743655707882,0.567498753422155,0.6967265402184428,0.9489079153990072,0.9061502312561337,0.7407478208826465,0.9367914443201705,0.8759762432355933,0.9537397507311014,0.7561729106674193,0.8251586079989,0.9076512495652168,0.7970744124691991,0.9567651965413767,0.8071988997001243,0.793518520539638,0.6433785848085938,0.8923832255635195,0.7967684543544041,0.8481031286475283,0.804349555574432,0.827853767665707,0.8415243530396623,0.7264915373434322,0.8510063166069636,0.9408247372909786,0.8682081779263428,1.0
2992,0.9002338302729981,0.915172739724605,0.983389507534485,0.9340260476637199,0.8599641189191229,0.8309137523203882,0.9393408877996433,0.9661143110937069,0.979328515935307,0.9574757521973788,0.9834069804641427,0.9445479887650783,0.9118318288049201,0.9532979266003845,0.9455092584807948,0.916203580659168,0.8878681734688105,0.9752995661479837,0.9274641719667046,0.9173343833365906,0.8920987200443776,0.9012098028369528,0.9449669665135694,0.9629105422147093,0.866245134210103,0.8808372078534188,0.7564736201218105,0.7779177649222723,0.8706501719839917,0.9758267826904046,0.9150573953024279,0.9270980332510368,0.3815184002026174,0.0,0.9399186386729347,0.9430613900736065,0.9182047965779716,0.7673250470064881,0.8258761204044621,0.9527926280942499,0.8028695002351363,0.83009268764629,0.9785061513273504,0.9631719170098602,0.8982770033642146,0.9670841187089929,0.9424388351869338,0.9861865407848129,0.9650176127978504,0.9281222100126518,0.9721275753762285,0.9259610533528744,0.9813258840163925,0.9265754979931842,0.9337233045024402,0.9511782110308116,0.9563663630202213,0.8982593458240695,0.9499532841235812,0.8970684023218725,0.9106707176619894,0.929205336594073,0.8570448589305741,0.9151551425341756,0.9837808004864372,0.9306084295909228,1.0
3000,0.9561708752213733,0.9634358450056014,0.9911892687568742,0.9710681969240147,0.9229326353439391,0.9210546213478563,0.9742056322711611,0.9839821892177756,0.9887610397438393,0.979441362147295,0.9901880744418127,0.9735903935402715,0.9720405077582855,0.9814855463671922,0.9753510403637793,0.9563614811043842,0.9505238717447051,0.9869995836962734,0.9621301169293858,0.9613293526132775,0.9487864613216488,0.9516405185507936,0.9723386956530258,0.9810465972786362,0.9401955784934729,0.945692605806349,0.8974506695962018,0.9103329415149874,0.9092013014315006,0.9862160294068257,0.9580116898767669,0.9560286484141154,0.8830274230743103,0.9399186386729347,0.0,0.9760330514779412,0.9363351350239563,0.9107906633885631,0.9231886181186714,0.9724719268502798,0.9014333748814173,0.9259160641143037,0.9826051962984796,0.9784066794613765,0.9445861226977209,0.9816132160147883,0.9716207437343766,0.9919309395481728,0.9720634026387496,0.9681257320989837,0.9835976686320809,0.9555594139093423,0.9900313076378757,0.963871263198479,0.9667968931433972,0.9594989784200084,0.9685884433372501,0.9512191711610833,0.9692340448248372,0.9508876396729099,0.9585462297004738,0.9659209257386767,0.9325482458609069,0.9613717716545991,0.9906499971241334,0.9673882212006109,1.0
3180,0.9564903985266936,0.9653197437428532,0.9737744571047002,0.9740102331403384,0.9411484119835628,0.9364389976933128,0.9792920338304113,0.9854590600175448,0.9895613703487165,0.980170705035222,0.9925540661045393,0.976339918552506,0.9553605685369493,0.9645634613124137,0.9704831587683207,0.9018296759396325,0.9468723439883611,0.9875365393337369,0.9677677852410164,0.9645823844987625,0.9423198803527106,0.952279737600382,0.9747813760978111,0.9834806860867246,0.9354457753678169,0.9502597750349919,0.928396309531364,0.9270642908760569,0.9548640973166408,0.9902723174056738,0.9706186145653742,0.9706972806880415,0.8971323734080272,0.9430613900736065,0.9760330514779412,0.0,0.9641494417690051,0.9192054516738697,0.9460212869514075,0.979725552122825,0.9154720939803017,0.9454104231864364,0.9900456066277047,0.9837545990844101,0.9608659039920531,0.985078042159823,0.9767446828244112,0.9933269387609932,0.9774022553231718,0.9728987212495203,0.9867267502283643,0.9665534461916577,0.9909706565646359,0.9711086733784964,0.9774954021745842,0.9668437429286545,0.9790808682066052,0.9615852307880832,0.9837156866020533,0.9624708046202689,0.9621054434130503,0.9724032551412735,0.9261450379650058,0.904183007177755,0.9917207999227894,0.9731153513614402,1.0
3300,0.9480669040428091,0.9568750681946524,0.9917075747760221,0.949761724555642,0.8519786060473082,0.8704550924209222,0.9522972194758421,0.9791196445775713,0.9821667118664331,0.973337697515514,0.9858800114016882,0.9671600295635608,0.969667975956542,0.9764588914078876,0.968595361347118,0.9486935754425454,0.9214814617980683,0.9727224960643258,0.9414553193162706,0.9404679164853547,0.9421134350601729,0.9326075861744163,0.9648981454727887,0.9730051135207906,0.9298954420022059,0.9206437045682995,0.8396261724483591,0.8761564366021394,0.8899391475329806,0.9639156628342282,0.9072478906061872,0.8491427481395002,0.8469746993767472,0.9182047965779716,0.9363351350239563,0.9641494417690051,0.0,0.9050284260199847,0.9285712667064282,0.9672971690974352,0.8697725971111606,0.9120347620445058,0.9703070816697136,0.9632025324867288,0.9200816639459022,0.979935445900753,0.9636704746661058,0.9858498203828331,0.9742437788631573,0.9651680257692961,0.9783306299565508,0.9514177818789221,0.9880721099377212,0.9485927285238226,0.9623791723535488,0.9621489497494091,0.956694453112065,0.9407704328070116,0.9584235098917399,0.9470085976653329,0.951796672708729,0.9605395586221686,0.914121486302231,0.9544985890004187,0.9887746199792933,0.9637218429153352,1.0
3500,0.7309232726837382,0.7350087995723664,0.9729308733012304,0.8268504093963425,0.8490168817053865,0.6360648503727,0.8952018682026075,0.9260554093886364,0.9837741520063734,0.9218269649293865,0.9824350647720905,0.8839370594810939,0.8344758793515336,0.9171919493126307,0.8963926607054985,0.8061166343230941,0.7630827281493338,0.9684185852661696,0.9396882705002291,0.8281933509462447,0.8105168869173225,0.8546890265267828,0.9233224054667688,0.9490329320983877,0.8423147838028507,0.6838507729355489,0.7087005895842482,0.656099583666911,0.8312204545649033,0.9768849377561191,0.8878833262012368,0.908281797156801,0.6669340902731131,0.7673250470064881,0.9107906633885631,0.9192054516738697,0.9050284260199847,0.0,0.9766666942660199,0.935081449508991,0.7628053169613203,0.8526213759290846,0.9843345234121007,0.9686502595272617,0.8950826322831812,0.9434188462961904,0.9124472333481666,0.9833060350366808,0.9777901237944666,0.9283126274525957,0.9730398556215857,0.9249839396117052,0.9827602238333778,0.9582189058670805,0.9740283030729234,0.9693264714274907,0.9869573957606995,0.8585896294020083,0.9921007955099607,0.896250941392374,0.8714379777323996,0.8383631681712723,0.8223269309653657,0.8931647285184952,0.9702102990095927,0.887930957283038,1.0
3680,0.9486786844467932,0.9656450347469644,0.9961090534664707,0.9537039857105543,0.8852610587072837,0.810329564550145,0.9491735727162725,0.9785436873463147,0.9936584894397475,0.9720717344307749,0.9800947474857993,0.9676455146078738,0.9654335138997425,0.9717385225894415,0.9623349668875321,0.8789836896683743,0.9016782000720364,0.9859532018894976,0.9343210027919681,0.9409060815104423,0.9202797116209906,0.8580536318691069,0.9381894290520553,0.9643118265580123,0.9240272061378522,0.8823984762718644,0.47232533203756244,0.5685409096812747,0.8540891319209925,0.9849012891911477,0.9233058217836083,0.9236397574627331,0.7407064761008924,0.8258761204044621,0.9231886181186714,0.9460212869514075,0.9285712667064282,0.9766666942660199,0.0,0.9491369999790837,0.8328725014561879,0.8855188392555652,0.9863917265466992,0.9697654390355747,0.8422019476139051,0.9574384399947771,0.8994689078206501,0.9896210975068925,0.9904041356902291,0.9623206667548792,0.9797280614825803,0.9373912005472885,0.9773581747182415,0.9540941419177356,0.9881305787267431,0.9865739354739869,0.9884018535169311,0.7606956746226303,0.9929815791277844,0.669433609609113,0.7966481204198707,0.930133120540839,0.6088953714297409,0.7471968564257958,0.986909524198474,0.844677613380476,1.0
4180,0.9636523822873118,0.9678329346863771,0.9888308528673962,0.9598975847025137,0.8889374268565213,0.8805638393679115,0.9701384835591519,0.9866848166189568,0.9864590135102956,0.9822706256498925,0.9926105756519809,0.9784439392920866,0.9791607149895406,0.9854793429764739,0.9808027408013404,0.9643852733015364,0.9601663930836375,0.989788872488876,0.9554350663346062,0.9655938812144687,0.9623403764543931,0.9543709174812217,0.9774935817946608,0.9844182359191294,0.9513066725078897,0.885152863699283,0.9217777398293265,0.9080976605701016,0.9394279901315977,0.9891674203193573,0.9607216699120179,0.9685647607806712,0.9009743655707882,0.9527926280942499,0.9724719268502798,0.979725552122825,0.9672971690974352,0.935081449508991,0.9491369999790837,0.0,0.9245319667014081,0.941493540388423,0.9906565419500866,0.9793786861790241,0.9417421217037798,0.982167287428636,0.9759760336424304,0.9939643180503912,0.9813327446078832,0.9507868673563387,0.9835182002045169,0.95786555959775,0.9856678723895227,0.9671998849763626,0.9656276486276029,0.9734363758644601,0.9749254229559724,0.9520840478640684,0.9809015119693191,0.9338351932447584,0.9559528245027342,0.9680883005186139,0.893805148378698,0.9708152284852577,0.9925776534859392,0.9733150056223061,1.0
4580,0.8449465509065921,0.8639880527644518,0.9791573477593016,0.9143135115786172,0.7747613711467053,0.7549362826784844,0.9338034572206724,0.932641290719456,0.9657070507092212,0.9139518068285957,0.9730678157593163,0.8969390465966933,0.9094714809987491,0.9156461839558404,0.8943470599462151,0.8780911508439186,0.8289801793660496,0.9232365905008536,0.8790609787679489,0.8620194803635335,0.8834755092132729,0.8489963848073547,0.9011431389919236,0.9263445181240023,0.8693102418375157,0.838477510857847,0.7704733391119232,0.7689585239741445,0.8637495652555035,0.9537304358733212,0.8895705275983763,0.8848388835579499,0.567498753422155,0.8028695002351363,0.9014333748814173,0.9154720939803017,0.8697725971111606,0.7628053169613203,0.8328725014561879,0.9245319667014081,0.0,0.7598940952616309,0.9684088296018967,0.9320808506103405,0.8587491012854743,0.9482292368652369,0.892615426461783,0.9646659939797313,0.8928476295161181,0.8972193538805592,0.9358417836491467,0.871167493394407,0.9419164218391504,0.8763374059581208,0.9576154415277165,0.8392340124104153,0.9274862117579594,0.8378948723872588,0.9075249378656046,0.8718576765886557,0.8727356975067447,0.8925370146235839,0.790945931486131,0.8581227221158927,0.9674900075346557,0.9048088935503339,1.0
4900,0.8701050923743813,0.9025267806402901,0.9840785700339336,0.92173101512573,0.6971668211705557,0.7609543450608607,0.9357732128819506,0.9479021505816415,0.7997353422890803,0.914758582814867,0.9743474194489183,0.9252435719237961,0.939110926086991,0.9508511516300862,0.931760095641368,0.9160362016249939,0.8751449171688274,0.9684198647570692,0.5205930540452801,0.816304139931409,0.8811357023950633,0.8706106052702494,0.9110994717694639,0.9397147126571329,0.8566747965706694,0.8762927394926394,0.8151181750343087,0.8448119537525806,0.8951829277572952,0.9707741738508022,0.9194671815177586,0.9220971730988617,0.6967265402184428,0.83009268764629,0.9259160641143037,0.9454104231864364,0.9120347620445058,0.8526213759290846,0.8855188392555652,0.941493540388423,0.7598940952616309,0.0,0.9317497813932951,0.9025056039197115,0.8245115094904559,0.9664936659113873,0.9198199234869255,0.979775235405664,0.9475245411595891,0.9275457589150901,0.9541338406980941,0.8727943034633717,0.9733186536373126,0.8897807675598264,0.9397997145455492,0.9240898301517195,0.8461823202841271,0.8977484944827168,0.8854192968475935,0.8979520791276383,0.9002222986330536,0.9106928424678782,0.8503360153454762,0.9197870601421928,0.9807014675104089,0.9279931453723971,1.0
5000,0.982562644898484,0.9872701945299068,0.998012209511977,0.9886335947966292,0.6978317864478982,0.9615150914973449,0.9883866193579277,0.9881632693583934,0.9903265316990991,0.9894065409162369,0.9970525771768917,0.9886479617647407,0.9914083452133571,0.9929571675551806,0.989388985956846,0.9774464520051152,0.9382495153571556,0.994260180245823,0.9172442758583361,0.9791428938665819,0.9752714014680627,0.9814632643384495,0.9864600435077229,0.9923307969805959,0.9861730373763833,0.9795857214021293,0.9639344610093181,0.9726447669617214,0.981753733025859,0.9947975326818786,0.9872227946313372,0.9815382670684888,0.9489079153990072,0.9785061513273504,0.9826051962984796,0.9900456066277047,0.9703070816697136,0.9843345234121007,0.9863917265466992,0.9906565419500866,0.9684088296018967,0.9317497813932951,0.0,0.9755771235497944,0.9509327462823053,0.9958771882971253,0.9888795139911424,0.9967114109074058,0.9930119854732588,0.988793781751262,0.9938722000437552,0.9822913792927218,0.9962140611014482,0.9886288682205485,0.9886900173141704,0.9897703599241716,0.9392022004744843,0.9842687863589122,0.9867973108166892,0.984661053011301,0.9854676679187538,0.9856811074743611,0.9770601439624772,0.9886482602656649,0.9970523503806864,0.9901732668643717,1.0
5100,0.9695721713140404,0.9761348127484362,0.995533589316383,0.9773119631750082,0.8046335775472377,0.9172873949201595,0.979714497582411,0.9837233548762059,0.9667018726958807,0.9773991162927973,0.9778400887802334,0.9763707008194912,0.9836537459959255,0.9816022429697667,0.9797649609677829,0.976366700470595,0.9611122621673331,0.9870582272332402,0.8933778044121665,0.9592430419910454,0.9699241720194771,0.9608651105020742,0.9769422842739495,0.9806651116013801,0.9568134814532718,0.9658376877743694,0.9499114251462749,0.9593121783716487,0.9693477532036836,0.9889735841770887,0.9771073811573585,0.9750331242380592,0.9061502312561337,0.9631719170098602,0.9784066794613765,0.9837545990844101,0.9632025324867288,0.9686502595272617,0.9697654390355747,0.9793786861790241,0.9320808506103405,0.9025056039197115,0.9755771235497944,0.0,0.900574611464982,0.9859523222596657,0.9596577182465065,0.9916430670085621,0.9753795391418547,0.9661011328298561,0.95895158971555,0.9410629910759365,0.9903819543854281,0.9590782436638344,0.9785849001536612,0.962527057882423,0.8034085799094705,0.9529504454380172,0.9559276280789112,0.9577812498062318,0.9593315348858914,0.9377314100600156,0.9316895186323816,0.9727168770757708,0.9913243191572284,0.9313344087055607,1.0
5280,0.9359786645436141,0.9477415349343596,0.9912037520826762,0.9550762387704963,0.7650076158648202,0.7999837156797894,0.9530215274615735,0.9700898541209539,0.9754234609901503,0.9630516830282997,0.9830985899383038,0.944122864348717,0.9627521160853516,0.9677300968669795,0.9565218295924806,0.9368427503663427,0.9038721497290506,0.9767182501916423,0.9064054818323273,0.9170924435813098,0.9396312931303635,0.9143175093895176,0.9471815885257786,0.9537447302504767,0.9408622132383655,0.9127646881607988,0.8356639589343506,0.867963918811379,0.9184079858805787,0.9735910792462347,0.9426278471702709,0.9390990489432534,0.7407478208826465,0.8982770033642146,0.9445861226977209,0.9608659039920531,0.9200816639459022,0.8950826322831812,0.8422019476139051,0.9417421217037798,0.8587491012854743,0.8245115094904559,0.9509327462823053,0.900574611464982,0.0,0.9696252991916131,0.9471600053787222,0.9845854797241873,0.9506356079379187,0.9352706799083568,0.9524963422093943,0.8897614220869237,0.9696521488793908,0.9267139457843485,0.7934608412713569,0.9282505377170034,0.8998788973985006,0.8874948122927169,0.7826610519361065,0.8808006092472767,0.8898344475807263,0.9163882747308362,0.8378258511081732,0.9272884883916656,0.9822616229110345,0.921271450679989,1.0
5500,0.9744727014689749,0.9743061001316371,0.9959371063446248,0.9829168186526591,0.9503267235334917,0.9503294606106729,0.9867652762151005,0.9802653286588275,0.9957076983528459,0.9827812003759572,0.9640901848405454,0.9804803810788603,0.9813975456758858,0.9869345783893694,0.9825901932257695,0.9788848277889703,0.9703312824604334,0.9941162865251782,0.9823690609252071,0.976771736408973,0.9784116471296467,0.9711268323098833,0.9838170777204538,0.9835064072250957,0.9797445986686845,0.9675402045411756,0.9496988460600173,0.9548187573094856,0.9715527785331192,0.9924638466351572,0.9806807927246013,0.9780334436440022,0.9367914443201705,0.9670841187089929,0.9816132160147883,0.985078042159823,0.979935445900753,0.9434188462961904,0.9574384399947771,0.982167287428636,0.9482292368652369,0.9664936659113873,0.9958771882971253,0.9859523222596657,0.9696252991916131,0.0,0.9576907120733397,0.9922659771656004,0.9877374817501007,0.9822277467733869,0.9865065422959097,0.9704364420474667,0.9914091411788997,0.984371625872259,0.9917494498110514,0.98230204413844,0.9914240000236182,0.9695889673691875,0.9918646078466996,0.946557675442695,0.9638936901205345,0.9682235495685095,0.9315514451717948,0.974542732317563,0.9926740433807696,0.8790062376274296,1.0
5600,0.9322528486341437,0.9088998806615122,0.9839153954432939,0.9685400119784506,0.919220348084895,0.9168793228528137,0.9775548061313276,0.8165184320497743,0.9437236038287354,0.8600098263095292,0.21977951570817167,0.9648171941816343,0.9715301801478518,0.9785235108572838,0.9453495356355631,0.9576405359090706,0.9417184088489617,0.9848249790218266,0.935244636077932,0.918922808104823,0.952562418459744,0.9411699839212554,0.9534937717108989,0.9724781445264487,0.9522975814274571,0.9410714838947547,0.9056187159471298,0.9136575031103633,0.947182798576624,0.9889530127410281,0.968576201733547,0.9679646467171347,0.8759762432355933,0.9424388351869338,0.9716207437343766,0.9767446828244112,0.9636704746661058,0.9124472333481666,0.8994689078206501,0.9759760336424304,0.892615426461783,0.9198199234869255,0.9888795139911424,0.9596577182465065,0.9471600053787222,0.9576907120733397,0.0,0.9904801964696911,0.9598664909450052,0.9657342869998276,0.9836241472186626,0.9410955671061373,0.9813888376598042,0.9576844427811704,0.9850823241869324,0.9427543014556352,0.9778525905127453,0.9377669212076402,0.9710978179482339,0.921443143635687,0.9263321972177812,0.9567058999646506,0.8503845462927659,0.914790820255505,0.9873275394506639,0.9174745331075843,1.0
5800,0.9888396053432035,0.9899422576118897,0.9974225200859478,0.9926228328771596,0.9718303666944411,0.9777184709987662,0.9946429842503752,0.994501051789279,0.9976706278658368,0.9931206954628186,0.9959596911736279,0.9884537029191414,0.9934744103536682,0.9935788821422779,0.9889056154733347,0.9910617478439026,0.9794953029882565,0.9488415463468791,0.9892659863912174,0.9885390411514241,0.9871556582779064,0.9850137991467949,0.9882681769810004,0.9895795697542654,0.9895001952657501,0.987445893495532,0.9830887581043317,0.9846776086064813,0.9888664759409432,0.994315113029097,0.9905840950418794,0.9910500771120221,0.9537397507311014,0.9861865407848129,0.9919309395481728,0.9933269387609932,0.9858498203828331,0.9833060350366808,0.9896210975068925,0.9939643180503912,0.9646659939797313,0.979775235405664,0.9967114109074058,0.9916430670085621,0.9845854797241873,0.9922659771656004,0.9904801964696911,0.0,0.9761481734782478,0.9818015207229824,0.9849981453880694,0.9556980079475825,0.9941087001539545,0.9773319045040453,0.9937724515358803,0.92650901760766,0.9872779427570025,0.9855831357039008,0.9936342129968467,0.9799593240173274,0.8962631128259494,0.8971538076617037,0.9787311840173581,0.9846931355528838,0.9936126705176396,0.9855861450468657,1.0
5980,0.978636079705267,0.9716111940043465,0.99563678551061,0.9831710432596377,0.9189020203751729,0.951675771725346,0.9891792620132461,0.9796083797092627,0.9965270430529677,0.9755339611125995,0.975676346183175,0.9504695729850939,0.9846702544537895,0.9746569122884116,0.9423854631376962,0.981126245444092,0.958781060665048,0.9857909665448331,0.9739483552537617,0.9704735006386114,0.9828644724950646,0.9599533698586172,0.9442437500308514,0.9418057211080031,0.9763911209005547,0.9711418777451849,0.968075355478043,0.9740925955744847,0.9684198286091568,0.9743249094013637,0.9679581548916285,0.9742333344444611,0.7561729106674193,0.9650176127978504,0.9720634026387496,0.9774022553231718,0.9742437788631573,0.9777901237944666,0.9904041356902291,0.9813327446078832,0.8928476295161181,0.9475245411595891,0.9930119854732588,0.9753795391418547,0.9506356079379187,0.9877374817501007,0.9598664909450052,0.9761481734782478,0.0,0.8427669475385032,0.9700425055241718,0.8997978749757203,0.9866651948128632,0.938287038869454,0.9915611327547076,0.3277011794099154,0.9804383621850553,0.9701477024754851,0.9870474386324478,0.9607086245274443,0.9665866378078407,0.9168640009639368,0.9375702698099752,0.9739628637511355,0.9199873965683179,0.9634295434212942,1.0
6100,0.9641751554719804,0.9653617994027515,0.9950034673081668,0.9714307138995589,0.8843320156299017,0.9167948266814316,0.979542992553198,0.9813316213952837,0.9935652043935732,0.9767980309564758,0.9875635020870166,0.9660918987679231,0.973855866691576,0.9691509828358227,0.9635576156695022,0.9668240492235715,0.9476016249576982,0.9690423755670582,0.9633718149410861,0.9584240778803506,0.9686852407106461,0.954098652401948,0.9679383886661613,0.9683980714878981,0.9669337144690009,0.9471562891089051,0.9377639067498096,0.9423340400812266,0.9567143537631829,0.9779195828534207,0.9605739514088127,0.9666368321051135,0.8251586079989,0.9281222100126518,0.9681257320989837,0.9728987212495203,0.9651680257692961,0.9283126274525957,0.9623206667548792,0.9507868673563387,0.8972193538805592,0.9275457589150901,0.988793781751262,0.9661011328298561,0.9352706799083568,0.9822277467733869,0.9657342869998276,0.9818015207229824,0.8427669475385032,0.0,0.9512077921115907,0.8940338766970082,0.9809791746927757,0.9392505562262807,0.9873949175646863,0.8459789183700264,0.9354091115747276,0.8844551494162103,0.9673402604587378,0.935213710452599,0.9410618720762565,0.9319529262393039,0.9150896406297593,0.9545162299978629,0.9664170260580383,0.9406944797038209,1.0
6280,0.9811321169975453,0.9827997937256084,0.9974350626508708,0.9862355587593066,0.9423566819423471,0.9444753299894098,0.9883505587341233,0.9895865120681895,0.9966685235924507,0.9872546377884626,0.9943937968348903,0.9790624563210273,0.9880909570782734,0.9880849792510523,0.9834429725014707,0.9842062090488499,0.971644646866307,0.9829588978208493,0.980354407698017,0.9791922607847318,0.9820587909862624,0.9722760600822494,0.983164159861477,0.9787749499022889,0.9826914856758555,0.9761730364275416,0.9658466512763039,0.9712579573946509,0.9784772393855304,0.978426072468045,0.9786194595708722,0.9817607859128727,0.9076512495652168,0.9721275753762285,0.9835976686320809,0.9867267502283643,0.9783306299565508,0.9730398556215857,0.9797280614825803,0.9835182002045169,0.9358417836491467,0.9541338406980941,0.9938722000437552,0.95895158971555,0.9524963422093943,0.9865065422959097,0.9836241472186626,0.9849981453880694,0.9700425055241718,0.9512077921115907,0.0,0.8906143991206514,0.9876268425551119,0.9561550803104385,0.9882980730330468,0.9381237667286314,0.9735076284152704,0.9527223123466347,0.9807675157345862,0.9422390862548451,0.9584316936590203,0.9678386903561,0.9139983346718084,0.97946371278123,0.9914432319784532,0.9658466122494325,1.0
6480,0.9406417705819465,0.9486006177787742,0.9914758862541266,0.9551213436070025,0.8452685084980958,0.8618039746244622,0.9669813611436023,0.9705844958674681,0.9885186261031266,0.9662384628163402,0.9747474380965097,0.9402491453036116,0.9652779358553475,0.9634313840003402,0.951799020385129,0.9527154693076473,0.9213685759853006,0.9627849150751207,0.9391556075083752,0.9299115215057676,0.950363502709233,0.9313388547015601,0.9529258430636497,0.9576767394130032,0.9530940744358357,0.930113952001099,0.9034861933814112,0.9152866634165829,0.9402879134120956,0.974672480311546,0.9533292601975478,0.9532580209293853,0.7970744124691991,0.9259610533528744,0.9555594139093423,0.9665534461916577,0.9514177818789221,0.9249839396117052,0.9373912005472885,0.95786555959775,0.871167493394407,0.8727943034633717,0.9822913792927218,0.9410629910759365,0.8897614220869237,0.9704364420474667,0.9410955671061373,0.9556980079475825,0.8997978749757203,0.8940338766970082,0.8906143991206514,0.0,0.9432365740959125,0.8927665179398059,0.9732341411685634,0.8530104284756489,0.9623078988634649,0.8719556834911233,0.867825384556726,0.8667768902878258,0.921099341632941,0.9154074263487593,0.8925404333685082,0.9322690793024014,0.9740103722738656,0.9406300960604485,1.0
6800,0.9873795746876685,0.9889017082268672,0.9979689014062678,0.9893528442512232,0.9678069785211032,0.9720705124440769,0.9930919703457041,0.9937285525195941,0.9975631978147775,0.9927417828433547,0.9966979308973153,0.9889086223346809,0.990374005709577,0.9901180198345609,0.9894004359848587,0.9875042077501666,0.983089685032412,0.9929459513698031,0.987457942469699,0.9846651555598692,0.9882370240608613,0.9814095977067041,0.9891906789211636,0.9905670634462856,0.9875679568101892,0.9771744861542958,0.9742090837128592,0.977621668185583,0.9847436411016147,0.9948936348678996,0.9877595012777423,0.9887877934873411,0.9567651965413767,0.9813258840163925,0.9900313076378757,0.9909706565646359,0.9880721099377212,0.9827602238333778,0.9773581747182415,0.9856678723895227,0.9419164218391504,0.9733186536373126,0.9962140611014482,0.9903819543854281,0.9696521488793908,0.9914091411788997,0.9813888376598042,0.9941087001539545,0.9866651948128632,0.9809791746927757,0.9876268425551119,0.9432365740959125,0.0,0.9734698693356877,0.9944118633211141,0.9800345725588087,0.9924081566373756,0.9769857159449551,0.9889746865055845,0.9778902500613241,0.9828465607139137,0.9634513607422088,0.9728178891508553,0.9778858932472891,0.9869368155989299,0.9811757430290503,1.0
6980,0.9549327111441883,0.9620177732059462,0.9944662558832705,0.950845103007511,0.6553417970255238,0.7653030060039303,0.9702526216922474,0.9710518557402853,0.991004734812701,0.9619112588305757,0.9833666254934166,0.901291685362845,0.9728905579263407,0.9751856709487843,0.9639720505116557,0.9609672067281898,0.9213756868228873,0.9778966851711652,0.894027081261176,0.9349158326311054,0.9476596343691989,0.8897640397298113,0.9384770728946414,0.9186247476834919,0.9511756332481873,0.929642267972636,0.911642362230613,0.9355904991766812,0.9496366622970412,0.9664842886413703,0.9357186463161916,0.9500155381596497,0.8071988997001243,0.9265754979931842,0.963871263198479,0.9711086733784964,0.9485927285238226,0.9582189058670805,0.9540941419177356,0.9671998849763626,0.8763374059581208,0.8897807675598264,0.9886288682205485,0.9590782436638344,0.9267139457843485,0.984371625872259,0.9576844427811704,0.9773319045040453,0.938287038869454,0.9392505562262807,0.9561550803104385,0.8927665179398059,0.9734698693356877,0.0,0.968888406488402,0.9181820592343625,0.9761363111229023,0.9368504254828782,0.9634538275070886,0.9443531093707723,0.9575749799559676,0.9277087107243184,0.9280852382551719,0.9398433375710961,0.9812183687232567,0.9501589717897683,1.0
7180,0.9658269116492861,0.9797365930380658,0.9974362088790041,0.9785869468588477,0.7950400283413905,0.8990214587396411,0.9713032098403761,0.9832240903874043,0.9923908761672057,0.9813266079133613,0.9945386228372547,0.9569857254601903,0.9850956391992644,0.9812940769225035,0.9758593921874229,0.9803556379253331,0.9507661191320532,0.988288146045121,0.95247507525191,0.9448899487374206,0.969728364068826,0.9446341034494695,0.9596475524175409,0.9503951841573435,0.9603783160835561,0.9560254198826346,0.9529419207261659,0.9565723186586998,0.9606528195958659,0.9752140753479012,0.968230581548506,0.9402259660233866,0.793518520539638,0.9337233045024402,0.9667968931433972,0.9774954021745842,0.9623791723535488,0.9740283030729234,0.9881305787267431,0.9656276486276029,0.9576154415277165,0.9397997145455492,0.9886900173141704,0.9785849001536612,0.7934608412713569,0.9917494498110514,0.9850823241869324,0.9937724515358803,0.9915611327547076,0.9873949175646863,0.9882980730330468,0.9732341411685634,0.9944118633211141,0.968888406488402,0.0,0.9873454261207641,0.9842491967327385,0.9842384575605728,0.9959505438924205,0.952215594652157,0.9441013507230602,0.9805480569833865,0.9013563445526748,0.9833110125740188,0.9964153292298775,0.9872359666372492,1.0
7380,0.9689764948771801,0.958595535610655,0.9934699424371609,0.9759606253069253,0.8854262546286757,0.9315751917722164,0.9844896800742228,0.9703517204385331,0.9945241572732,0.964046632746848,0.965301295184587,0.9275939755843785,0.9782055170088149,0.964123854055561,0.9154808560730536,0.9732839123154987,0.9388730256809242,0.9531481672176496,0.9624513153433023,0.9572950844776623,0.9750562407778891,0.9420323385674695,0.9172741595749618,0.9144199270832545,0.9651526082082584,0.9589416205426263,0.954274741673441,0.9628766320360704,0.9543580698338469,0.9627662002285673,0.9536577454781675,0.9626279478517479,0.6433785848085938,0.9511782110308116,0.9594989784200084,0.9668437429286545,0.9621489497494091,0.9693264714274907,0.9865739354739869,0.9734363758644601,0.8392340124104153,0.9240898301517195,0.9897703599241716,0.962527057882423,0.9282505377170034,0.98230204413844,0.9427543014556352,0.92650901760766,0.3277011794099154,0.8459789183700264,0.9381237667286314,0.8530104284756489,0.9800345725588087,0.9181820592343625,0.9873454261207641,0.0,0.9728681744045189,0.9568766231671594,0.9829667386680564,0.943533500020726,0.9485956955849709,0.8746411475749982,0.9087626603326818,0.9627582281081094,0.9294487466466945,0.9474525087243997,1.0
7700,0.9763527733013485,0.9813503399750194,0.9954792102549923,0.9628675155578544,0.4770452855441182,0.8270909534444462,0.964001155287285,0.9878753863489182,0.993783941428403,0.9832814771167449,0.9938539443590277,0.9798764619559481,0.9870982208481682,0.9861243991723788,0.9808111270658536,0.9718085045883939,0.9437929059395196,0.9841693858427502,0.9026565570493917,0.9649907294375544,0.9770018409135126,0.9637442545919835,0.9795703785070337,0.9814606965272517,0.9769674901161927,0.963254443897378,0.9385099473334585,0.958666164833031,0.955298257893953,0.989693061981899,0.9772406535022254,0.970236969023985,0.8923832255635195,0.9563663630202213,0.9685884433372501,0.9790808682066052,0.956694453112065,0.9869573957606995,0.9884018535169311,0.9749254229559724,0.9274862117579594,0.8461823202841271,0.9392022004744843,0.8034085799094705,0.8998788973985006,0.9914240000236182,0.9778525905127453,0.9872779427570025,0.9804383621850553,0.9354091115747276,0.9735076284152704,0.9623078988634649,0.9924081566373756,0.9761363111229023,0.9842491967327385,0.9728681744045189,0.0,0.9752260080315659,0.98978843699843,0.948739249332908,0.9414291536450184,0.9216808463686905,0.8890633163873617,0.965520448292183,0.9880449239171882,0.9744873576646418,1.0
7880,0.9348697148188262,0.9424775376020782,0.9922059522470679,0.9384587163870762,0.8789848727725057,0.8497418726531443,0.9596977657007015,0.973756927487089,0.9898985954619005,0.9691692629524639,0.9830681745771732,0.9522195446609873,0.957699391905789,0.9677468691954273,0.9566034231976117,0.9322511514917894,0.9118602548968773,0.9723802115049466,0.950319051725993,0.9294586097208459,0.938449561093481,0.9089812642121438,0.9470511398822219,0.9570111657577971,0.9396130288699533,0.9034064114029802,0.811644727286286,0.8278288332847805,0.9172593728711343,0.9748099039829786,0.9421163112075241,0.9357873479240343,0.7967684543544041,0.8982593458240695,0.9512191711610833,0.9615852307880832,0.9407704328070116,0.8585896294020083,0.7606956746226303,0.9520840478640684,0.8378948723872588,0.8977484944827168,0.9842687863589122,0.9529504454380172,0.8874948122927169,0.9695889673691875,0.9377669212076402,0.9855831357039008,0.9701477024754851,0.8844551494162103,0.9527223123466347,0.8719556834911233,0.9769857159449551,0.9368504254828782,0.9842384575605728,0.9568766231671594,0.9752260080315659,0.0,0.9742584105965686,0.8348232304638276,0.8212874967660488,0.8981156685137094,0.7138807723276122,0.8823646912733268,0.9812679126434778,0.9006178118051048,1.0
8000,0.9800273517275249,0.9838284615079276,0.997644479814696,0.9861103588798825,0.9254755193881217,0.9343987378804224,0.9849344540262333,0.9865139304453131,0.9947251335948957,0.9855293647140995,0.9949721208215538,0.9383200685843482,0.9867550820739454,0.9846379988188871,0.9773968433317535,0.9764241941761502,0.9439107278037578,0.9922546224621871,0.97309564314343,0.9738613104791787,0.9783491199993082,0.9617012911898942,0.9802778332454676,0.9717999887209641,0.9766545226217466,0.9530865583122304,0.9667356511598891,0.9725180869265749,0.9662470880765158,0.9871369688982853,0.9772632209761367,0.9714572083187463,0.8481031286475283,0.9499532841235812,0.9692340448248372,0.9837156866020533,0.9584235098917399,0.9921007955099607,0.9929815791277844,0.9809015119693191,0.9075249378656046,0.8854192968475935,0.9867973108166892,0.9559276280789112,0.7826610519361065,0.9918646078466996,0.9710978179482339,0.9936342129968467,0.9870474386324478,0.9673402604587378,0.9807675157345862,0.867825384556726,0.9889746865055845,0.9634538275070886,0.9959505438924205,0.9829667386680564,0.98978843699843,0.9742584105965686,0.0,0.890698551964928,0.8348132233336882,0.8858625838982427,0.8677773088485697,0.9814223174039886,0.9922339475728172,0.9857060373719768,1.0
8400,0.9417207302450923,0.9485050362209213,0.9925926096294767,0.9563633888074731,0.8718975407960035,0.856613702043216,0.9632610898000606,0.9648197929293661,0.9839164099222226,0.9632808217632508,0.9688990158722018,0.9554024397327279,0.9645434774971282,0.971429960772678,0.9607133935218011,0.9303580686764577,0.9198275119120923,0.9763801100230658,0.9427873454929345,0.9395809211217565,0.9410963404239018,0.9149671202738426,0.9532055833266055,0.9640230667933856,0.9443713616845367,0.910504286398488,0.7792724559344748,0.8099525323829588,0.9165851819361559,0.9810826885468316,0.9482700859360796,0.9485697897091032,0.804349555574432,0.8970684023218725,0.9508876396729099,0.9624708046202689,0.9470085976653329,0.896250941392374,0.669433609609113,0.9338351932447584,0.8718576765886557,0.8979520791276383,0.984661053011301,0.9577812498062318,0.8808006092472767,0.946557675442695,0.921443143635687,0.9799593240173274,0.9607086245274443,0.935213710452599,0.9422390862548451,0.8667768902878258,0.9778902500613241,0.9443531093707723,0.952215594652157,0.943533500020726,0.948739249332908,0.8348232304638276,0.890698551964928,0.0,0.8819753196811043,0.9270466017500465,0.8037097422523322,0.8905266068524883,0.9764273164056871,0.9172674353514918,1.0
8591,0.9362038558645315,0.9370240810073345,0.9893134779900064,0.957000546085782,0.8856438072704859,0.8751527769926015,0.9669383067425196,0.9411373939359391,0.9782875008533972,0.9429519430731099,0.9703207056326574,0.9553551772363753,0.9612733046815011,0.9655661894482139,0.9584946997087191,0.9388299044290067,0.9193173029647518,0.9729031719035753,0.9456543258621569,0.9360402859229212,0.9429581309557272,0.9257896386200648,0.9551724867260358,0.9650609075295724,0.9457966232433266,0.9156750890301427,0.8397979284706725,0.8555494167762249,0.9306988675098085,0.9781703023953988,0.9549758497312553,0.9546569405072489,0.827853767665707,0.9106707176619894,0.9585462297004738,0.9621054434130503,0.951796672708729,0.8714379777323996,0.7966481204198707,0.9559528245027342,0.8727356975067447,0.9002222986330536,0.9854676679187538,0.9593315348858914,0.8898344475807263,0.9638936901205345,0.9263321972177812,0.8962631128259494,0.9665866378078407,0.9410618720762565,0.9584316936590203,0.921099341632941,0.9828465607139137,0.9575749799559676,0.9441013507230602,0.9485956955849709,0.9414291536450184,0.8212874967660488,0.8348132233336882,0.8819753196811043,0.0,0.9177345552286258,0.8370101164094014,0.9184543338162174,0.9821677281858772,0.9359999273869246,1.0
8592,0.9400759733964733,0.9419223917631332,0.9920433254232225,0.9577585010646821,0.8813844598115912,0.8816893195858684,0.970113284889457,0.9704981114749788,0.9893477576576336,0.9686742861497939,0.9844379474759722,0.9551974890515345,0.9634653943295262,0.9743208457993622,0.9617858681702315,0.9498485733663378,0.9269021798343737,0.9775542649371448,0.955923859415289,0.947749075551562,0.9505246901869763,0.9428196333225181,0.9613784958903924,0.9663959757647667,0.9542074837610185,0.9232282725589018,0.8989550487045501,0.9019785276770377,0.9447781857867977,0.9828480120693863,0.9609133526790883,0.9638494373872109,0.8415243530396623,0.929205336594073,0.9659209257386767,0.9724032551412735,0.9605395586221686,0.8383631681712723,0.930133120540839,0.9680883005186139,0.8925370146235839,0.9106928424678782,0.9856811074743611,0.9377314100600156,0.9163882747308362,0.9682235495685095,0.9567058999646506,0.8971538076617037,0.9168640009639368,0.9319529262393039,0.9678386903561,0.9154074263487593,0.9634513607422088,0.9277087107243184,0.9805480569833865,0.8746411475749982,0.9216808463686905,0.8981156685137094,0.8858625838982427,0.9270466017500465,0.9177345552286258,0.0,0.8928207773130887,0.9502909481387354,0.9773635007375041,0.9456116556335209,1.0
8691,0.9044654800384019,0.9079769308039948,0.9858215973794646,0.9330252700107651,0.8068249692166931,0.7988702029968007,0.9466259975986496,0.927005985192475,0.9714693041755977,0.9156332658779495,0.9258159621455436,0.9364584853235411,0.9444785278460449,0.9582441232476201,0.9386234613859061,0.9011997910200839,0.8819395832811385,0.9679739994326022,0.9149329432775364,0.9035086882024771,0.9067238111062663,0.8747013960939864,0.9302110004226818,0.900334809207151,0.90908786855013,0.8679162082764406,0.7172135459326864,0.7499227858663671,0.8834729629701787,0.9728531466364436,0.9267335664160491,0.9238098745900654,0.7264915373434322,0.8570448589305741,0.9325482458609069,0.9261450379650058,0.914121486302231,0.8223269309653657,0.6088953714297409,0.893805148378698,0.790945931486131,0.8503360153454762,0.9770601439624772,0.9316895186323816,0.8378258511081732,0.9315514451717948,0.8503845462927659,0.9787311840173581,0.9375702698099752,0.9150896406297593,0.9139983346718084,0.8925404333685082,0.9728178891508553,0.9280852382551719,0.9013563445526748,0.9087626603326818,0.8890633163873617,0.7138807723276122,0.8677773088485697,0.8037097422523322,0.8370101164094014,0.8928207773130887,0.0,0.8523205075401741,0.9709725197647544,0.8679044401651826,1.0
8692,0.9418036542568454,0.9453118649334877,0.990629569218772,0.9619139318835936,0.9067452952599837,0.8866704796799137,0.9699032530541412,0.9597388177138528,0.98218413673336,0.9583594228733725,0.9550985109179777,0.9655972868189597,0.9648429159292217,0.97400793696594,0.964637120372155,0.9364091573037487,0.9286176167425791,0.9817985799956279,0.9510467934429876,0.9446429755734421,0.9384894469923813,0.9274424456479118,0.9534273904964987,0.9147126060870692,0.943818000887431,0.9245158719102566,0.8246041430128662,0.8447497778874161,0.9324641323843212,0.9850801644234713,0.9570274143585829,0.9583378387920258,0.8510063166069636,0.9151551425341756,0.9613717716545991,0.904183007177755,0.9544985890004187,0.8931647285184952,0.7471968564257958,0.9708152284852577,0.8581227221158927,0.9197870601421928,0.9886482602656649,0.9727168770757708,0.9272884883916656,0.974542732317563,0.914790820255505,0.9846931355528838,0.9739628637511355,0.9545162299978629,0.97946371278123,0.9322690793024014,0.9778858932472891,0.9398433375710961,0.9833110125740188,0.9627582281081094,0.965520448292183,0.8823646912733268,0.9814223174039886,0.8905266068524883,0.9184543338162174,0.9502909481387354,0.8523205075401741,0.0,0.9874189087907388,0.9182757474098775,1.0
9080,0.9873298827301707,0.986752587658842,0.998183189055503,0.9908453545434341,0.9716736455387418,0.9752455631178605,0.9937721421077796,0.9933715559448324,0.9979653336989709,0.9918654107700049,0.9936418549575573,0.9863948032370553,0.9915703341600732,0.9913510627923467,0.9857619950964318,0.989245797844898,0.9831071418595683,0.9913532077415056,0.9898723933639332,0.9875923080328483,0.9894764076210415,0.985371517721673,0.9852855888443394,0.9867745233325411,0.989114850489095,0.9836560701128488,0.9791308157849651,0.9802844899275748,0.9865969747228241,0.9938234250967426,0.9888832526419284,0.9904433753666034,0.9408247372909786,0.9837808004864372,0.9906499971241334,0.9917207999227894,0.9887746199792933,0.9702102990095927,0.986909524198474,0.9925776534859392,0.9674900075346557,0.9807014675104089,0.9970523503806864,0.9913243191572284,0.9822616229110345,0.9926740433807696,0.9873275394506639,0.9936126705176396,0.9199873965683179,0.9664170260580383,0.9914432319784532,0.9740103722738656,0.9869368155989299,0.9812183687232567,0.9964153292298775,0.9294487466466945,0.9880449239171882,0.9812679126434778,0.9922339475728172,0.9764273164056871,0.9821677281858772,0.9773635007375041,0.9709725197647544,0.9874189087907388,0.0,0.949965902543082,1.0
9480,0.9489316292951222,0.9521967667474776,0.9930503004984381,0.9646825050000771,0.9059073102768691,0.8943365163970349,0.9727522228553829,0.9696036315370659,0.9856337903310218,0.9635582436016182,0.953222968031205,0.9679415579376455,0.9634975737889807,0.9695675964321215,0.9677822785331841,0.9500413637151303,0.939855615116916,0.9808074686955138,0.955659760373849,0.9510173203244132,0.953813646461265,0.9435282634532375,0.9624143124547018,0.9720168066472865,0.9567333682630165,0.9332673677805852,0.8735367286866126,0.8859268281702635,0.9437502212814107,0.9830808084203233,0.9600590961432998,0.9645995849966295,0.8682081779263428,0.9306084295909228,0.9673882212006109,0.9731153513614402,0.9637218429153352,0.887930957283038,0.844677613380476,0.9733150056223061,0.9048088935503339,0.9279931453723971,0.9901732668643717,0.9313344087055607,0.921271450679989,0.8790062376274296,0.9174745331075843,0.9855861450468657,0.9634295434212942,0.9406944797038209,0.9658466122494325,0.9406300960604485,0.9811757430290503,0.9501589717897683,0.9872359666372492,0.9474525087243997,0.9744873576646418,0.9006178118051048,0.9857060373719768,0.9172674353514918,0.9359999273869246,0.9456116556335209,0.8679044401651826,0.9182757474098775,0.949965902543082,0.0,1.0
9700,1.0,1.0,1.0,1.0,1.0,1.0,1.0,1.0,1.0,1.0,1.0,1.0,1.0,1.0,1.0,1.0,1.0,1.0,1.0,1.0,1.0,1.0,1.0,1.0,1.0,1.0,1.0,1.0,1.0,1.0,1.0,1.0,1.0,1.0,1.0,1.0,1.0,1.0,1.0,1.0,1.0,1.0,1.0,1.0,1.0,1.0,1.0,1.0,1.0,1.0,1.0,1.0,1.0,1.0,1.0,1.0,1.0,1.0,1.0,1.0,1.0,1.0,1.0,1.0,1.0,1.0,0.0
