atividade,0191,0192,0280,0580,0680,0791,0792,1091,1092,1093,1100,1200,1300,1400,1500,1600,1700,1800,1991,1992,2091,2092,2093,2100,2200,2300,2491,2492,2500,2600,2700,2800,2991,2992,3000,3180,3300,3500,3680,4180,4580,4900,5000,5100,5280,5500,5600,5800,5980,6100,6280,6480,6800,6980,7180,7380,7700,7880,8000,8400,8591,8592,8691,8692,9080,9480,9700
0191,0.0,0.8993513549215586,0.9444668335720368,0.9134864789798729,0.9079082564439952,0.9967624807660673,0.9899244248784853,0.9077985956032618,0.858523583314899,0.7319961103294927,0.9687790687707053,0.9674467885894023,0.9615472530206844,0.9876300327246357,0.9952527967476119,0.9445230305269886,0.9436346663872612,0.8913292143187744,0.8455711747709473,0.8850547632877623,0.3457057243291197,0.34802537788851895,0.9674045036542123,0.9807786414898019,0.8674115331698595,0.9452931089671253,0.9734834733651953,0.9766970369377642,0.9424392096984195,0.9962940314359329,0.9830974697592151,0.992028585376534,0.9953705291740437,0.9666157416244854,0.9962385947074874,0.993159432147981,0.9037477767881088,0.9007916937634997,0.9626379693731566,0.9860655108754574,0.9168625510524638,0.855979073583418,0.9079964952874734,0.9581141760436669,0.8952368612805675,0.9694671735177899,0.9548280330385444,0.9824531148812516,0.8675644592336109,0.9817303930316347,0.9758866501878523,0.9620440836689921,0.9937464960436396,0.8390087710912562,0.9246558715738417,0.8508816382357322,0.8943714891063711,0.9369607605922132,0.9027315379125158,0.9852442360261319,0.9926784718819185,0.9952893553293579,0.9942660366600111,0.9945943501394464,0.9923811954179336,0.9891380195468129,1.0
0192,0.8993513549215586,0.0,0.8786329963483664,0.9290384671159033,0.9354631837830204,0.9973139113386644,0.9899808961696437,0.13401611516314338,0.9568864688554747,0.8253115984049297,0.9586355086994436,0.9967733615428802,0.9837341989460037,0.9946403453788668,0.9860174893984189,0.9492661140662514,0.9018187086404031,0.8940183908829338,0.8910163078183183,0.9484237956272603,0.8176975538414546,0.7859651376813375,0.9790077275158771,0.9540957377680497,0.838393460096645,0.956895898046375,0.9667509177096006,0.9760822081456915,0.9063971054097139,0.9967974573582425,0.9837808940968479,0.9929781218475804,0.9977663804669525,0.9704545446598491,0.9961643048025454,0.9939821780168379,0.8865556645289694,0.9159134706138691,0.9651617346056575,0.9881616210289977,0.9422971068960453,0.8286764902507318,0.8388332016469312,0.956053802540998,0.8737917554080966,0.9633258500549298,0.9261736797038667,0.9813042779629896,0.8238803903680937,0.9791510701859295,0.9737716673249679,0.9609910926186619,0.9940831436595768,0.8148278342736842,0.9176440113579879,0.8003897266961297,0.8986301963076001,0.9378227226231833,0.891607141225922,0.983690250645944,0.9903458110820834,0.9949545855022695,0.9933230561818774,0.9937850302766809,0.9904707082764653,0.9895100699827362,1.0
0280,0.9444668335720368,0.8786329963483664,0.0,0.9024904070721997,0.968380344826411,0.9944710164242476,0.9885583802981244,0.8754376148707905,0.9818942878800186,0.9416236211101306,0.9805127870622591,0.9962932085544426,0.9844944569270917,0.9941100645758936,0.993953602046571,0.897878154722611,0.8790276554854382,0.9271479447018194,0.9494417755994523,0.9766910470838933,0.9130292472095748,0.8877476533860335,0.9864729922579212,0.9892214159963795,0.9010510785080227,0.9079818721053026,0.9401577816399985,0.9774620496187013,0.9234340426831277,0.9940040654516876,0.9760001282263048,0.9863975985419074,0.9872949133808675,0.9705004341324742,0.9940476047061215,0.9682979097943775,0.9209667186818452,0.9607259968288416,0.9727191944306102,0.9155653005711799,0.9463276511045969,0.9328172897635205,0.9484114472935328,0.9707036739303758,0.9435920096909773,0.9749898297757568,0.9666270268874569,0.9875377452968072,0.9131567952139642,0.9865995074280176,0.9838297301819594,0.9762996719688469,0.992804039820376,0.9109097894084006,0.954256406888985,0.9027055693318508,0.9293406301515311,0.9552138265529602,0.9305096197587315,0.9848808502693177,0.9911524042999909,0.9958657754998611,0.9936691335949216,0.9918214682509928,0.9944226054453122,0.9918075082015548,1.0
0580,0.9134864789798729,0.9290384671159033,0.9024904070721997,0.0,0.8557697317848401,0.96276543474762,0.9189636430057393,0.9427192851061342,0.9545516562294161,0.9313515705495885,0.9742089032061182,0.9974297101477425,0.9443534859710832,0.9896103709525331,0.9925444264828832,0.5469625980556378,0.9004011430153415,0.809173515358079,0.8005078962380586,0.9088135417194421,0.7245546734208119,0.46337009782653127,0.9636655960075883,0.987835628033105,0.5010932792041365,0.04781392496731651,0.5557410398052374,0.8426672981833214,0.41342680784032304,0.9831917396144463,0.8109058376779921,0.9332631910521186,0.96338032828757,0.9058181478809187,0.9825064916884444,0.9645672342681597,0.6108831894441298,0.8638888065805432,0.8781122768008319,0.04867126930240184,0.884064043664335,0.8030405327608855,0.8763768388116916,0.870797162477036,0.8494191133756492,0.8935675740799264,0.9727307519706534,0.9681189399374189,0.743934305171472,0.9528245416249221,0.9503355219307837,0.9181506392016335,0.9445750578045047,0.6796098236231294,0.7657196565884656,0.7158409915255284,0.6928493963062026,0.8513697555552733,0.7560664031923069,0.9496811963539766,0.9890889712299094,0.9897882560514671,0.9861682553221837,0.990938116313746,0.9839878116058206,0.981998781461809,1.0
0680,0.9079082564439952,0.9354631837830204,0.968380344826411,0.8557697317848401,0.0,0.9738706247744582,0.973234265273971,0.9369287726844733,0.915509835557478,0.9267705071662318,0.9760628261497251,0.9972834683062081,0.9747238894316513,0.9889480796061991,0.9922645583789813,0.9202611183923806,0.9449779211472419,0.8427681344138342,0.42988263274461747,0.8193027983823022,0.8374149057540905,0.838051235997375,0.975149405256152,0.9864910437891343,0.8639655720025866,0.8884575743732299,0.9103210021805654,0.9561598149470523,0.8844930217441216,0.9879414974831591,0.95622178425483,0.9656651693662351,0.9735621529041307,0.931209494954532,0.9894863027061067,0.9843964695087941,0.7989509542416346,0.9000693417019842,0.9393699830280083,0.9011870556183458,0.8724405527487556,0.7815516100649117,0.6831325640082093,0.8931892950203303,0.844781414532684,0.9473189249609923,0.969539374503064,0.9761498289770562,0.8292904885359924,0.969447626640157,0.9644998413497466,0.9491939368781525,0.9876589584159691,0.7286415116033362,0.8880621583971164,0.8101937117260096,0.6980782285348031,0.9000082884463255,0.8501405841322164,0.959282179441939,0.989080243258919,0.9888608213223666,0.9907033290921495,0.9900787567799579,0.9877668029508988,0.977747015577325,1.0
0791,0.9967624807660673,0.9973139113386644,0.9944710164242476,0.96276543474762,0.9738706247744582,0.0,0.9887929964385171,0.9976810072571066,0.9944242763501375,0.9973929416831884,0.9979203235305512,0.9998937988705663,0.9964724469666028,0.9991134558704776,0.9995029957886341,0.9806490971676466,0.9914425016660923,0.9778515734263059,0.9586542147521726,0.9870948036511306,0.9807596263005541,0.969344580796262,0.9959557209265306,0.9992523306566212,0.9630234336077179,0.9672878242323173,0.9208916817505794,0.9859400929924399,0.9530511070341706,0.9976073448829182,0.9857336951585818,0.9703807300641225,0.9869403331221073,0.9811500965573785,0.9956751679324848,0.9961905463065133,0.9187249520387016,0.9783582005661507,0.9837823686437326,0.9686776756368768,0.9877119874745939,0.9645079331065874,0.9831025191136936,0.9882719718124678,0.936790468638687,0.9899641989088473,0.9981713846650065,0.996277961019756,0.9730269950242314,0.9950852217395119,0.9925364749767936,0.9894793893321085,0.9984587128490531,0.9142359479449538,0.9700864025934001,0.970053284724989,0.9292540087771772,0.9809950249236903,0.9709096497259936,0.9974406544393208,0.9993902275836456,0.9976217534148847,0.9993402728869963,0.9994537698637694,0.9983612389544111,0.9971677928907192,1.0
0792,0.9899244248784853,0.9899808961696437,0.9885583802981244,0.9189636430057393,0.973234265273971,0.9887929964385171,0.0,0.9905504084523006,0.992789066265082,0.9889894243691355,0.9949412632973575,0.9996694008874989,0.9918086022801832,0.9979469550210244,0.9986494501050444,0.954710604866934,0.9838853830088266,0.9601448983560255,0.9619387938564641,0.9861468564397478,0.9619551338515089,0.9437715881987466,0.9933316578792482,0.9972062016216151,0.9378984414196979,0.9279298851718165,0.889160105409141,0.756865722942923,0.9263797363641448,0.9945754946560346,0.9492634539578177,0.96414103779411,0.9664076728979144,0.9555199907415023,0.9865777022495382,0.9827628033645774,0.9050426035845399,0.9714345899445709,0.9727191521559417,0.9305152626151876,0.9703022993781832,0.9594075445390217,0.9729666532989749,0.9807101957486337,0.9603953851449611,0.9845680090142136,0.9948227421012692,0.9939105517472859,0.9523081357241407,0.9913374713498132,0.9904523503388364,0.9862158674094251,0.9961920842268064,0.944227790686787,0.9637063734748025,0.947030286747965,0.9449670476742689,0.9718413194460356,0.9581621059660616,0.9926848476785538,0.9979548801564058,0.9973874866124037,0.9970739006406355,0.9965100952040484,0.9965838427493136,0.9957887306105394,1.0
1091,0.9077985956032618,0.13401611516314338,0.8754376148707905,0.9427192851061342,0.9369287726844733,0.9976810072571066,0.9905504084523006,0.0,0.9600074449710232,0.8473158574186478,0.9618016831111691,0.9997006677188791,0.9862990925376647,0.996856991364002,0.9845078847655666,0.9572480336748928,0.8969922585177316,0.8958848029747148,0.8928670552898426,0.9507564739468575,0.8323399558445239,0.8026896944657498,0.9791720320930174,0.9600448403203573,0.8370484391040716,0.9692787584795961,0.9702231400156391,0.9768368049999411,0.9070980159198907,0.997059644154304,0.9857979617641439,0.9936096548665885,0.9982832815184249,0.9712774535832677,0.9962941040251627,0.9949630344568413,0.8854184700542139,0.9208757781725109,0.9673106518734107,0.997400506610968,0.9452671652366063,0.8235349251604388,0.8246690514711943,0.9565776646956476,0.8684594400310313,0.9652470256679387,0.9345251573486819,0.981729393615009,0.822220471314606,0.9799200601273399,0.9741742363926942,0.9618384003870586,0.9946657988139859,0.8107937506983631,0.9160848503153951,0.7981644821630434,0.9012600690085276,0.9402949586761683,0.8930322915229042,0.9865352182206779,0.9912734707477636,0.9951460170135591,0.9943863237123416,0.9952025276917218,0.9905986133310327,0.9907559790046216,1.0
1092,0.858523583314899,0.9568864688554747,0.9818942878800186,0.9545516562294161,0.915509835557478,0.9944242763501375,0.992789066265082,0.9600074449710232,0.0,0.8920105552043379,0.9654579607218787,0.9992150525942041,0.9870277358140308,0.9966196668137937,0.9975347748867962,0.9715247233081042,0.9728568681842547,0.9384227306870482,0.8576088913415821,0.9329053301280132,0.8773677454062178,0.8725093934672196,0.977206314856297,0.9856170588000693,0.9303231284737458,0.9631674780615782,0.9765476316486871,0.9859082793281643,0.9602977038144122,0.9965426057545722,0.9870876992334688,0.9914504275520916,0.9930778572110821,0.9770783876994247,0.996630933573259,0.9947694508854027,0.9311514180031801,0.965664935961575,0.974583817554564,0.9743127358829671,0.9583781952780778,0.9053748968424395,0.9417188592649213,0.9728211866113119,0.9222747822614258,0.9797229061341666,0.9619335131374589,0.9895436055573843,0.9238588373726916,0.9877104942925656,0.9853265885164044,0.9768229099550453,0.9955659094804529,0.905559409086884,0.9553176991431725,0.9148654864788216,0.9226362019747325,0.957321632598046,0.9326721613918436,0.9817066791992014,0.9931166084831816,0.996284977265856,0.9945364742459265,0.9943554908605888,0.9949356035325274,0.9910338337286311,1.0
1093,0.7319961103294927,0.8253115984049297,0.9416236211101306,0.9313515705495885,0.9267705071662318,0.9973929416831884,0.9889894243691355,0.8473158574186478,0.8920105552043379,0.0,0.9615304000999719,0.9993228592764962,0.976206048043344,0.9959944089332426,0.9956533086818792,0.9485959965581027,0.8961868344768048,0.8800207446835172,0.8792281531053969,0.9220400388164044,0.7490143405580547,0.7065161929834345,0.9744620722785029,0.9830190121997313,0.7413487118645667,0.9556517747318032,0.9725176416234129,0.9734913511031923,0.9161820768167099,0.9964023375737803,0.9840495423396942,0.9925700614991106,0.9967821388998713,0.9652707789382491,0.9957022412207283,0.9931241240128644,0.8952243780965938,0.9198451895154192,0.9600773348570775,0.9922863672099543,0.9355725438181447,0.7886006206113667,0.8849745422462525,0.9539395874465608,0.8563218326471458,0.9635358584132355,0.9351623696128065,0.9792386358265049,0.7971927816774524,0.9747089041794559,0.9696780965186003,0.9610435408912082,0.993816410212944,0.7647601934389294,0.9145180595909798,0.7705065251916979,0.8733579398862445,0.929784058453757,0.8872003182005486,0.9854530744509803,0.98990295657264,0.9942497642296468,0.9908888359403544,0.993998007097296,0.9889887903450436,0.9872126733783618,1.0
1100,0.9687790687707053,0.9586355086994436,0.9805127870622591,0.9742089032061182,0.9760628261497251,0.9979203235305512,0.9949412632973575,0.9618016831111691,0.9654579607218787,0.9615304000999719,0.0,0.9997841420464625,0.9894667090429642,0.9960527809345574,0.9986622804264382,0.9785250430912422,0.9681229862786307,0.9011068131933191,0.9615549557366287,0.9760298975375595,0.9489341380967861,0.9476468944863798,0.9919255736477147,0.9940829356575591,0.8824544067585963,0.9645245785036023,0.9774018879690324,0.9887827491205733,0.9016195866564966,0.9975499652543084,0.9915123768843869,0.9947194080058818,0.9972203713710498,0.9836079182136168,0.9973290632478732,0.9950056299723209,0.9417392436922166,0.9672781191280588,0.951905285592783,0.9941157387780373,0.9730956920513636,0.9281391706456129,0.9713521335859577,0.9724641459061216,0.9281669786012006,0.9729504910699169,0.5822510380595031,0.9832614564385742,0.8049821538989967,0.9849470348153636,0.9827223445044105,0.9736832457624995,0.994416509924453,0.9104260268216002,0.9670639173145292,0.7759660013068947,0.9285393903973436,0.9451018770168799,0.9187823713261603,0.9753123648008628,0.9936426340351913,0.9965215569772523,0.9882945702076058,0.9884802978159585,0.9885578605070893,0.9795871037332116,1.0
1200,0.9674467885894023,0.9967733615428802,0.9962932085544426,0.9974297101477425,0.9972834683062081,0.9998937988705663,0.9996694008874989,0.9997006677188791,0.9992150525942041,0.9993228592764962,0.9997841420464625,0.0,0.9991186651174637,0.9998174197232121,0.9998893362886966,0.9979957161933443,0.9830059719843403,0.9935932042760014,0.9954905512651703,0.9983572882449449,0.977949858708468,0.9786268142813297,0.9987046524241635,0.9994479414801489,0.9969815954502736,0.9983960381900349,0.99911930926046,0.9991941948187915,0.9982094926132918,0.9997850709174575,0.9992887029473976,0.9996032054624162,0.9997814365986372,0.9988635339837401,0.999845278112978,0.9997633829118384,0.9954005583149167,0.9960258496529639,0.9987058200991649,0.999610631469313,0.9975589806938435,0.9948328101516103,0.9965568333670872,0.9969918337604352,0.9961949539356224,0.9976501414352081,0.999733032145135,0.9987447771636824,0.9859981647918667,0.9990791553584668,0.9984130749168058,0.9977020770561791,0.9997286360927308,0.9755348872789307,0.9929025899907321,0.9838588719050373,0.9950863575241228,0.9958741268630875,0.985827378246751,0.9997271870427892,0.9999110455560025,0.9996833954754631,0.9999385920051105,0.999897126864611,0.9993019175845891,0.9996397656968717,1.0
1300,0.9615472530206844,0.9837341989460037,0.9844944569270917,0.9443534859710832,0.9747238894316513,0.9964724469666028,0.9918086022801832,0.9862990925376647,0.9870277358140308,0.976206048043344,0.9894667090429642,0.9991186651174637,0.0,0.4385263955528973,0.8630370748634766,0.9420284425470944,0.9644352735300227,0.9339020595847037,0.9637868355371328,0.9844359521239259,0.9053412563071092,0.924385837641908,0.9891057308358837,0.9915013128020489,0.9251216713183663,0.9481249253820198,0.9672694380342505,0.9815367749118973,0.9540471593321479,0.9958191120496172,0.9819183299946723,0.9908204742501117,0.9707054763443251,0.9532792413992823,0.9920519108131174,0.9379064672454122,0.9387765464199993,0.9632674530430965,0.9728320424967447,0.9540128500865526,0.956673161835977,0.9455808050042774,0.9724094283179864,0.9635519952758983,0.9571072497450829,0.9657237866012036,0.9831107847610161,0.9876903212670569,0.9197739563297859,0.9835667602271617,0.9842700214477729,0.9746623385517903,0.9943094328549343,0.9301629641518042,0.9615916389434184,0.9115830614275735,0.9421709894508983,0.9548982314725977,0.9370227524626518,0.9808098520273252,0.9861549554080914,0.9964520181031196,0.9935762537336948,0.9886409684866484,0.9920521568293307,0.9617405731428796,1.0
1400,0.9876300327246357,0.9946403453788668,0.9941100645758936,0.9896103709525331,0.9889480796061991,0.9991134558704776,0.9979469550210244,0.996856991364002,0.9966196668137937,0.9959944089332426,0.9960527809345574,0.9998174197232121,0.4385263955528973,0.0,0.9978728150462732,0.9852678401953192,0.9814661252168235,0.959490057849062,0.9839496387141023,0.9936767144759041,0.9593399305749467,0.9745320864125825,0.9945900434638875,0.9981513019702567,0.9748085640148834,0.9913291497161996,0.9933014161614915,0.9948703939318952,0.9884671883263064,0.9983179208310418,0.9950413301882484,0.9974500742048957,0.9979185823258547,0.9904123305712139,0.998698310620098,0.9849049325047582,0.9677576224044356,0.980372865710008,0.9836613302355943,0.9946004220928556,0.9773623110828058,0.9703860353373396,0.9874003956724781,0.9796530964698852,0.9780490240643391,0.9831324774136566,0.9930426220869101,0.9908821808589496,0.9509606171457505,0.9871125743301168,0.9896747501772246,0.9787314470273825,0.996171550053449,0.963650485815034,0.9786174789625248,0.9469831632544282,0.9686061386501255,0.9709320556577667,0.959624761290344,0.9831708029010462,0.9840229993964542,0.9979668431239791,0.9976500038227147,0.9975861231011636,0.9940426580499615,0.980029723886276,1.0
1500,0.9952527967476119,0.9860174893984189,0.993953602046571,0.9925444264828832,0.9922645583789813,0.9995029957886341,0.9986494501050444,0.9845078847655666,0.9975347748867962,0.9956533086818792,0.9986622804264382,0.9998893362886966,0.8630370748634766,0.9978728150462732,0.0,0.9933968041991708,0.9766126920786813,0.9797741680805019,0.9874546038059635,0.9954027929973867,0.9528821035373158,0.9761893544873632,0.9971636244656599,0.9986560040968384,0.9670472235874109,0.9951046973566868,0.9959004810576519,0.9968255021557063,0.9923066674967206,0.9992508910461334,0.9971285428483179,0.9984826796211604,0.9979728879578764,0.9938320374802488,0.9992507470768505,0.9954595231532297,0.9805568105543293,0.9878192904327442,0.9948341775615049,0.9968856923951471,0.9899178350855066,0.977641846858481,0.9894304335448685,0.992448949096403,0.9858551494324472,0.9947240276302656,0.9983713681582932,0.9962345676901032,0.9538212101207552,0.9957036434941701,0.9961389627225135,0.9938873796010427,0.9989756123110333,0.9798375284749404,0.9883563334821538,0.9472190609073383,0.9852228580950989,0.9886995141456342,0.9836336405204117,0.9979993173713557,0.9993260621835632,0.9992481161932805,0.9994493613036838,0.9992149764454094,0.9976015219912865,0.9984640940230036,1.0
1600,0.9445230305269886,0.9492661140662514,0.897878154722611,0.5469625980556378,0.9202611183923806,0.9806490971676466,0.954710604866934,0.9572480336748928,0.9715247233081042,0.9485959965581027,0.9785250430912422,0.9979957161933443,0.9420284425470944,0.9852678401953192,0.9933968041991708,0.0,0.8945248920294911,0.7700186509577873,0.875603193102468,0.949132191002485,0.8276916783833977,0.6887815415237419,0.9723904531381291,0.9855276061466536,0.6851256408319761,0.5439944866775083,0.7843157838916311,0.9023862052123744,0.6865669192031691,0.9866680430339296,0.8998823578815773,0.9392592318683475,0.9684378632454523,0.9111547577205668,0.9603936975403188,0.5777206743049701,0.7430672988857802,0.8878546317346585,0.9141228425887955,0.5468657530411368,0.803062752347675,0.8457421511286576,0.9057288338336735,0.9019987117007608,0.8628973385816179,0.9190642012216896,0.9768225650945436,0.9695462248940664,0.7616576436553666,0.9579975079021956,0.9538315542211226,0.9357641819838515,0.9536661244226435,0.749451233441413,0.8552792119646726,0.7350101831810956,0.7781338429841641,0.8612430200938177,0.7959883519082002,0.9637076299702976,0.9871296131057101,0.9895046858318235,0.9817829988431546,0.9489663030274712,0.9833447945315854,0.9710725443867226,1.0
1700,0.9436346663872612,0.9018187086404031,0.8790276554854382,0.9004011430153415,0.9449779211472419,0.9914425016660923,0.9838853830088266,0.8969922585177316,0.9728568681842547,0.8961868344768048,0.9681229862786307,0.9830059719843403,0.9644352735300227,0.9814661252168235,0.9766126920786813,0.8945248920294911,0.0,0.8056569266977083,0.9159721201992952,0.9617771622051311,0.8564305794341802,0.8349804479711215,0.9490088256371457,0.9682643798786238,0.8499626731874359,0.908511656225448,0.9406032111622481,0.9629418211892105,0.9058695225199889,0.9694808438210786,0.9615398819368508,0.9773823584399489,0.9713957331972093,0.9325942112706156,0.9904858545576218,0.9659711103738171,0.8319253658463304,0.9260856599905058,0.9383735882913891,0.9230638396661793,0.8511037093956586,0.8782787159864136,0.8653835610633568,0.9369374924205502,0.881285990839476,0.9466373894734521,0.9518749599022717,0.9596407104774963,0.8102961818066662,0.9666959094280685,0.9570842217044128,0.9353273224739109,0.981576999037755,0.8118762782615846,0.9164977656592408,0.788892905716761,0.8508950080038024,0.8869052000912957,0.8317994898283334,0.9577830083278744,0.9728680228698755,0.9834135998911729,0.9869593105454307,0.973041264588144,0.9856387894291753,0.9748061084983386,1.0
1800,0.8913292143187744,0.8940183908829338,0.9271479447018194,0.809173515358079,0.8427681344138342,0.9778515734263059,0.9601448983560255,0.8958848029747148,0.9384227306870482,0.8800207446835172,0.9011068131933191,0.9935932042760014,0.9339020595847037,0.959490057849062,0.9797741680805019,0.7700186509577873,0.8056569266977083,0.0,0.7570911559165594,0.8950372306059624,0.7835118450596315,0.6905763312401514,0.9210758972904383,0.9551553099286583,0.6389898644421708,0.8280682721032366,0.8562095116040089,0.9047301992865505,0.8047395824174561,0.915862277108374,0.9039166441733378,0.9396654502436433,0.9210920820569073,0.7319441283983302,0.9738604325100554,0.9512447836864385,0.6090759719657459,0.7568791122601151,0.7208892010943408,0.8625328237741359,0.13317152800245768,0.6375395749069603,0.7994550679627028,0.7296717143292875,0.5873423988852902,0.7600673477153882,0.8952482870573657,0.72139966884315,0.15925287857898485,0.7677423355069228,0.7372330658477215,0.6282604586655087,0.8912700034153129,0.3224086594927078,0.746539689734419,0.09473584419905923,0.43454016730367917,0.4274531729027006,0.23544695365829438,0.6903604072908354,0.8969004936135856,0.9316051739124793,0.9401850622737153,0.9464006327519038,0.8991137904196458,0.8831869782294125,1.0
1991,0.8455711747709473,0.8910163078183183,0.9494417755994523,0.8005078962380586,0.42988263274461747,0.9586542147521726,0.9619387938564641,0.8928670552898426,0.8576088913415821,0.8792281531053969,0.9615549557366287,0.9954905512651703,0.9637868355371328,0.9839496387141023,0.9874546038059635,0.875603193102468,0.9159721201992952,0.7570911559165594,0.0,0.695649987371077,0.7693916382856042,0.7484923621940716,0.9616730605670579,0.978543089406394,0.7886283627015565,0.8274437885723962,0.876607744584277,0.9355355814365396,0.8403605567951395,0.9822717279018633,0.9368983440615977,0.9574896673245323,0.9565443398551687,0.8902949342115313,0.9839911002278999,0.9761199624513948,0.7685146385700813,0.880942915585409,0.9123462294551667,0.845977004912507,0.7900289774384266,0.65602930618699,0.7327650917360053,0.8780849994048867,0.8039655369280453,0.9263382610160285,0.9511681011326882,0.9652251069638582,0.7496901024587632,0.9575130252057789,0.9481370884008318,0.9272386941184406,0.9809682508200479,0.6744182694501524,0.8685717659337088,0.7209144215891878,0.7068067973848338,0.8552935253210487,0.7821597247640202,0.9462083644664552,0.9824667236900245,0.9839713957842259,0.9852727305037619,0.9841930104437969,0.9821690198255791,0.966539876714592,1.0
1992,0.8850547632877623,0.9484237956272603,0.9766910470838933,0.9088135417194421,0.8193027983823022,0.9870948036511306,0.9861468564397478,0.9507564739468575,0.9329053301280132,0.9220400388164044,0.9760298975375595,0.9983572882449449,0.9844359521239259,0.9936767144759041,0.9954027929973867,0.949132191002485,0.9617771622051311,0.8950372306059624,0.695649987371077,0.0,0.8616170005683033,0.8586760151546126,0.9519886017826924,0.9698212910535968,0.9062890571931386,0.9308603432293187,0.9536041494170227,0.9750195668704449,0.9338413538790273,0.9932386334948117,0.9755373894301598,0.9843006153836271,0.9851305656741589,0.9579827061823838,0.9938414742447884,0.9902104067955864,0.8921379435656682,0.9483243630434137,0.9577871071457091,0.9410971161871969,0.9178734449679083,0.8614014926109795,0.9054188339978291,0.9514637309722509,0.9093579585631971,0.9655617153101566,0.9709982841146022,0.9834439093325114,0.8869920736162007,0.9804667368235233,0.9757716963563035,0.9651382737943291,0.9921248416794027,0.8607221716769167,0.9362547927953953,0.8741187562624232,0.8804927822629374,0.9300152088469675,0.8978967934616409,0.9628996102448925,0.9894621383522454,0.9934953698894378,0.991786559865967,0.9895368348483741,0.9917519301847909,0.984140123880923,1.0
2091,0.3457057243291197,0.8176975538414546,0.9130292472095748,0.7245546734208119,0.8374149057540905,0.9807596263005541,0.9619551338515089,0.8323399558445239,0.8773677454062178,0.7490143405580547,0.9489341380967861,0.977949858708468,0.9053412563071092,0.9593399305749467,0.9528821035373158,0.8276916783833977,0.8564305794341802,0.7835118450596315,0.7693916382856042,0.8616170005683033,0.0,0.3907723705926336,0.8894279024769287,0.9447958311359346,0.6750617654056099,0.7714959259266022,0.8653894933317596,0.9163521460581167,0.7999934371986812,0.9786336187546886,0.8989121631466079,0.9572305802974649,0.9361615029188359,0.8860867643655843,0.9716408776150269,0.9331198125419669,0.7787136715660851,0.8602508166792725,0.907910425731857,0.8098448665815485,0.8335287901695018,0.7768696386234698,0.8419849258779393,0.9069702691253331,0.8268475249318887,0.9284376536491826,0.9376994515094028,0.9636782800769516,0.7446948093805105,0.9589293150972144,0.9509316569663198,0.9293918084123286,0.9772923605750262,0.7124217907652364,0.8559358198181934,0.7145654330643184,0.7846356115204789,0.8636013601941218,0.7973694163180102,0.9590588930655515,0.9818016687322062,0.9875255303977911,0.9741674453952263,0.9599770345746879,0.9820701426387379,0.9688242102452859,1.0
2092,0.34802537788851895,0.7859651376813375,0.8877476533860335,0.46337009782653127,0.838051235997375,0.969344580796262,0.9437715881987466,0.8026896944657498,0.8725093934672196,0.7065161929834345,0.9476468944863798,0.9786268142813297,0.924385837641908,0.9745320864125825,0.9761893544873632,0.6887815415237419,0.8349804479711215,0.6905763312401514,0.7484923621940716,0.8586760151546126,0.3907723705926336,0.0,0.8907281540051106,0.9396433952085792,0.5577541164520773,0.48603587060665343,0.7511800781633822,0.8914152696151278,0.6282410025486207,0.9669901086834908,0.8747415631798169,0.9423245776839954,0.9377293667386493,0.8653917911976148,0.9747966581656694,0.9402081451545348,0.6679266762880443,0.8305423876979503,0.8746274156399343,0.5190575517028231,0.762082679610916,0.7238226001040222,0.8259537906487509,0.8662468387355842,0.777585857615266,0.8915415130629116,0.9324704871480831,0.946648425379664,0.6441756827696885,0.9389155693482479,0.929415098966639,0.8970151854396013,0.9267102259666453,0.6083350048577827,0.7867445932985984,0.6036252702702393,0.6878011987127923,0.7925167113794198,0.70259579969462,0.9369724450545133,0.9678366554645226,0.9831590584501528,0.9523988522307685,0.9747916262434523,0.9755393585128975,0.9662393880942545,1.0
2093,0.9674045036542123,0.9790077275158771,0.9864729922579212,0.9636655960075883,0.975149405256152,0.9959557209265306,0.9933316578792482,0.9791720320930174,0.977206314856297,0.9744620722785029,0.9919255736477147,0.9987046524241635,0.9891057308358837,0.9945900434638875,0.9971636244656599,0.9723904531381291,0.9490088256371457,0.9210758972904383,0.9616730605670579,0.9519886017826924,0.8894279024769287,0.8907281540051106,0.0,0.9916356832030253,0.9108824963182759,0.9679090640783187,0.9774852332721433,0.986088041423535,0.9505438070015072,0.994971159633207,0.9876633723526014,0.9915484586242707,0.9924194327414411,0.9759735998060723,0.9964465658475448,0.9915757766894497,0.9473114955009397,0.9722490875086484,0.9710745467366629,0.9770697084185083,0.9395312147163892,0.9458022045957836,0.9674850688415657,0.970166846847952,0.9515294825457064,0.9743509699113956,0.9893458186263813,0.9861331284913727,0.896622883365641,0.9843802154589405,0.9835209705065496,0.9782938719220614,0.9942217431537468,0.9091664075341112,0.9590984782167392,0.8840298964356166,0.9426419658379744,0.9459537938147625,0.9367453128743394,0.9819415113745662,0.9898291413605808,0.9929279890118767,0.9927917678419143,0.975885521999507,0.9894533188460549,0.9752492535034226,1.0
2100,0.9807786414898019,0.9540957377680497,0.9892214159963795,0.987835628033105,0.9864910437891343,0.9992523306566212,0.9972062016216151,0.9600448403203573,0.9856170588000693,0.9830190121997313,0.9940829356575591,0.9994479414801489,0.9915013128020489,0.9981513019702567,0.9986560040968384,0.9855276061466536,0.9682643798786238,0.9551553099286583,0.978543089406394,0.9698212910535968,0.9447958311359346,0.9396433952085792,0.9916356832030253,0.0,0.9626097991112227,0.9915149298045617,0.9930356560756984,0.993769879491189,0.9847357903908208,0.9982697144453854,0.9950533267436558,0.9973612533071678,0.9987695548139671,0.9913060247568273,0.9986842029286752,0.9849319113587711,0.9483514493903417,0.9816765168122247,0.9767302473770673,0.9964529169172704,0.982484844518997,0.9574430949971466,0.9814701011640901,0.9783365362739275,0.9651643378557998,0.9795294507756045,0.9900852819436013,0.9894238029589519,0.9046750045322538,0.9911045583049032,0.9860061675074732,0.9879962296095708,0.9974577328277914,0.8893036689390234,0.9514789898990846,0.8910445643196542,0.9555397953408516,0.954123580932956,0.9481860070784401,0.9928299097581512,0.9931219296256442,0.9955645799436814,0.9420775483848377,0.8920623598820093,0.9943018612777006,0.9873014676440993,1.0
2200,0.8674115331698595,0.838393460096645,0.9010510785080227,0.5010932792041365,0.8639655720025866,0.9630234336077179,0.9378984414196979,0.8370484391040716,0.9303231284737458,0.7413487118645667,0.8824544067585963,0.9969815954502736,0.9251216713183663,0.9748085640148834,0.9670472235874109,0.6851256408319761,0.8499626731874359,0.6389898644421708,0.7886283627015565,0.9062890571931386,0.6750617654056099,0.5577541164520773,0.9108824963182759,0.9626097991112227,0.0,0.5068637324037293,0.7080306101750841,0.8703901012164336,0.6092189495023707,0.9459858446296519,0.8367813819787077,0.8980777407325768,0.7051884267424937,0.6591907944603583,0.9494899658344398,0.9025472206016378,0.6525854261927011,0.8461721496702886,0.8704307869942137,0.5330579455541932,0.7015869216234861,0.6790408412380082,0.8337194937016553,0.8510792823431348,0.749610751868327,0.8867739040432471,0.9078557920455846,0.9485519059539593,0.5774563520627858,0.9340080958328829,0.9245482577685789,0.9026241399708754,0.9703749141154008,0.5908798514640561,0.7778317695373251,0.5267540024107378,0.672411217794088,0.7862513634312683,0.6777952673334497,0.9447142168363274,0.9770254141423828,0.9822146195304765,0.9663916136175185,0.9618628432431532,0.9727705002801543,0.9626186209056756,1.0
2300,0.9452931089671253,0.956895898046375,0.9079818721053026,0.04781392496731651,0.8884575743732299,0.9672878242323173,0.9279298851718165,0.9692787584795961,0.9631674780615782,0.9556517747318032,0.9645245785036023,0.9983960381900349,0.9481249253820198,0.9913291497161996,0.9951046973566868,0.5439944866775083,0.908511656225448,0.8280682721032366,0.8274437885723962,0.9308603432293187,0.7714959259266022,0.48603587060665343,0.9679090640783187,0.9915149298045617,0.5068637324037293,0.0,0.600622612869985,0.8642730555733354,0.4142744766343771,0.984813726456318,0.8166942987694239,0.942236476754727,0.9601498943319076,0.9103447460166616,0.9851806477736703,0.9683143400079546,0.6285109004369653,0.8763280085854154,0.8958554584991747,0.025278971466314304,0.9008188177495309,0.8224232253336499,0.8950126107919008,0.8761955968669825,0.8649497131282814,0.8969327821862424,0.9687184010847555,0.9710194112704651,0.761214632203584,0.9557315170994141,0.9546294945260114,0.9235736097436797,0.9487028788396626,0.7010585593099011,0.772387206627305,0.7351170124767867,0.7102636189336626,0.8628632973675905,0.7719367001485311,0.9577622052571262,0.9909901286195195,0.9908989863212935,0.9872906545351722,0.9929745616069605,0.9852503916935084,0.9822217962813269,1.0
2491,0.9734834733651953,0.9667509177096006,0.9401577816399985,0.5557410398052374,0.9103210021805654,0.9208916817505794,0.889160105409141,0.9702231400156391,0.9765476316486871,0.9725176416234129,0.9774018879690324,0.99911930926046,0.9672694380342505,0.9933014161614915,0.9959004810576519,0.7843157838916311,0.9406032111622481,0.8562095116040089,0.876607744584277,0.9536041494170227,0.8653894933317596,0.7511800781633822,0.9774852332721433,0.9930356560756984,0.7080306101750841,0.600622612869985,0.0,0.882395600197234,0.6103251537281644,0.9833671644637553,0.8658724883402515,0.826129549225382,0.822886640679263,0.7978717246666196,0.9541442057609042,0.9616453888980817,0.6473090710339431,0.9061595720669128,0.8956555494726001,0.6060306515034488,0.8991045361452304,0.8488112542420269,0.900791096106261,0.9236398429306616,0.8610969194618493,0.9366764262116853,0.9807422768492341,0.9776952707381734,0.8093003759630769,0.967095854979087,0.9644947879805946,0.9492259645793386,0.9880848822750474,0.7847649275180404,0.8548231614562541,0.7875419591761361,0.8003353239560693,0.8980002337546945,0.8371789016652289,0.9712189740062406,0.9936651137310765,0.9915937917523727,0.9914676695981471,0.992894622242878,0.9876828910048967,0.9873470196205045,1.0
2492,0.9766970369377642,0.9760822081456915,0.9774620496187013,0.8426672981833214,0.9561598149470523,0.9859400929924399,0.756865722942923,0.9768368049999411,0.9859082793281643,0.9734913511031923,0.9887827491205733,0.9991941948187915,0.9815367749118973,0.9948703939318952,0.9968255021557063,0.9023862052123744,0.9629418211892105,0.9047301992865505,0.9355355814365396,0.9750195668704449,0.9163521460581167,0.8914152696151278,0.986088041423535,0.993769879491189,0.8703901012164336,0.8642730555733354,0.882395600197234,0.0,0.8634723698272233,0.9852658083121109,0.8479783177781479,0.9304335024634587,0.9211396854572018,0.8917896594290112,0.9623877122745214,0.9461466478527617,0.8373962222270407,0.9350692575634737,0.9340136120101045,0.8706060632105403,0.9234167310339272,0.9193512926963631,0.9455065090062814,0.9600496403942785,0.9297400283360475,0.9667656154249679,0.9874140849545964,0.9856910575583231,0.8897316357444056,0.979594692451147,0.9782020395969915,0.9700331955071934,0.9907533472073444,0.8845779833779663,0.9298663372259115,0.8776612455764906,0.898707482452588,0.9367305668201596,0.9075488563446178,0.9818795110696479,0.9949352433584789,0.9936495342672664,0.9932720732045561,0.9891971664399735,0.9913450134305165,0.9895974986048306,1.0
2500,0.9424392096984195,0.9063971054097139,0.9234340426831277,0.41342680784032304,0.8844930217441216,0.9530511070341706,0.9263797363641448,0.9070980159198907,0.9602977038144122,0.9161820768167099,0.9016195866564966,0.9982094926132918,0.9540471593321479,0.9884671883263064,0.9923066674967206,0.6865669192031691,0.9058695225199889,0.8047395824174561,0.8403605567951395,0.9338413538790273,0.7999934371986812,0.6282410025486207,0.9505438070015072,0.9847357903908208,0.6092189495023707,0.4142744766343771,0.6103251537281644,0.8634723698272233,0.0,0.9643280679400893,0.8342154280943709,0.8380544047845403,0.8862789853299938,0.8445704318560043,0.9148385087365505,0.9535192560544259,0.6684431506457597,0.866776382793037,0.8952504213270046,0.4177832682848055,0.8730487570601815,0.8142408878557887,0.883691123189516,0.8943592719795206,0.8429389630098558,0.9098129501679642,0.933202466083869,0.9684855830669842,0.7407579834700811,0.9547601439224838,0.9512098313997941,0.9284861750467055,0.9792786090489504,0.7192498360718426,0.8087202947888245,0.7113609898863298,0.7414869645068161,0.8574346848374295,0.7745638090909426,0.945016627073941,0.989050026215173,0.9892856652472913,0.9824831510852184,0.9882150494055557,0.982720738430004,0.9788103599454112,1.0
2600,0.9962940314359329,0.9967974573582425,0.9940040654516876,0.9831917396144463,0.9879414974831591,0.9976073448829182,0.9945754946560346,0.997059644154304,0.9965426057545722,0.9964023375737803,0.9975499652543084,0.9997850709174575,0.9958191120496172,0.9983179208310418,0.9992508910461334,0.9866680430339296,0.9694808438210786,0.915862277108374,0.9822717279018633,0.9932386334948117,0.9786336187546886,0.9669901086834908,0.994971159633207,0.9982697144453854,0.9459858446296519,0.984813726456318,0.9833671644637553,0.9852658083121109,0.9643280679400893,0.0,0.959821129397151,0.9884654944561053,0.9940068795559873,0.9853268506949823,0.9974006895657836,0.9964584343224505,0.9679019278656557,0.9851939263304964,0.9859756680741146,0.9867543447791868,0.9768068741205601,0.9664910215470648,0.982995508214678,0.9739043968714249,0.963080806316764,0.9816759630202146,0.9970511517427775,0.9905233454888352,0.9145317394530496,0.9841467662774852,0.97919964315714,0.9832735213995704,0.9970643056913924,0.9115859725360256,0.9566956655543031,0.9050909262612781,0.9609632935653029,0.9628983243340994,0.9528375229448751,0.987933090884039,0.9936355669228059,0.9968299961571592,0.9972011805696079,0.9973892877906518,0.9947030380879814,0.9915202044571033,1.0
2700,0.9830974697592151,0.9837808940968479,0.9760001282263048,0.8109058376779921,0.95622178425483,0.9857336951585818,0.9492634539578177,0.9857979617641439,0.9870876992334688,0.9840495423396942,0.9915123768843869,0.9992887029473976,0.9819183299946723,0.9950413301882484,0.9971285428483179,0.8998823578815773,0.9615398819368508,0.9039166441733378,0.9368983440615977,0.9755373894301598,0.8989121631466079,0.8747415631798169,0.9876633723526014,0.9950533267436558,0.8367813819787077,0.8166942987694239,0.8658724883402515,0.8479783177781479,0.8342154280943709,0.959821129397151,0.0,0.9364949282011006,0.9642750590260513,0.9414000929656076,0.9850810540397925,0.985977555419178,0.8588214466347717,0.904171655568966,0.9552611790208667,0.8224003646689291,0.9335727971152785,0.9196432227470182,0.9536015693984714,0.9494337727482762,0.9253744540888896,0.9594644778637087,0.9898660613056613,0.9846352745560749,0.8767478768058018,0.9683272419745999,0.9748644451811633,0.967009251190736,0.9858220853341625,0.8571061783837906,0.9207732065604448,0.8662990814592071,0.895323319395867,0.9300836811625707,0.9028677603738599,0.9786214268696457,0.9937904257320768,0.9937768193553715,0.9936060736014102,0.9948600997603129,0.9905529476608391,0.9803313751060936,1.0
2800,0.992028585376534,0.9929781218475804,0.9863975985419074,0.9332631910521186,0.9656651693662351,0.9703807300641225,0.96414103779411,0.9936096548665885,0.9914504275520916,0.9925700614991106,0.9947194080058818,0.9996032054624162,0.9908204742501117,0.9974500742048957,0.9984826796211604,0.9392592318683475,0.9773823584399489,0.9396654502436433,0.9574896673245323,0.9843006153836271,0.9572305802974649,0.9423245776839954,0.9915484586242707,0.9973612533071678,0.8980777407325768,0.942236476754727,0.826129549225382,0.9304335024634587,0.8380544047845403,0.9884654944561053,0.9364949282011006,0.0,0.9730741498158232,0.9566579832912444,0.9889925328792772,0.9889875767472569,0.8595109295836533,0.9675700745835194,0.9698983735260034,0.9492622914209953,0.9585344536779594,0.9388930586101504,0.9496831481805502,0.9694528264427842,0.950795779337721,0.9712045608168437,0.9949838908733876,0.9909510995128876,0.9261246826729448,0.9855162873872232,0.9853900302632366,0.9796430152135341,0.9959189062924801,0.9008072529693014,0.9167759552841186,0.9183522653442913,0.9232988448068178,0.9461613282905345,0.9324838184604972,0.9912442998549053,0.997630188220161,0.9967841699060785,0.995715220098097,0.9978000152404147,0.9952310605285414,0.9940561754411532,1.0
2991,0.9953705291740437,0.9977663804669525,0.9872949133808675,0.96338032828757,0.9735621529041307,0.9869403331221073,0.9664076728979144,0.9982832815184249,0.9930778572110821,0.9967821388998713,0.9972203713710498,0.9997814365986372,0.9707054763443251,0.9979185823258547,0.9979728879578764,0.9684378632454523,0.9713957331972093,0.9210920820569073,0.9565443398551687,0.9851305656741589,0.9361615029188359,0.9377293667386493,0.9924194327414411,0.9987695548139671,0.7051884267424937,0.9601498943319076,0.822886640679263,0.9211396854572018,0.8862789853299938,0.9940068795559873,0.9642750590260513,0.9730741498158232,0.0,0.21378623924636608,0.9940805144603067,0.9903437706404365,0.9065975267387971,0.9660936542018429,0.9697422844781542,0.9958349166106021,0.9633471134951387,0.9175938402831956,0.949336187060764,0.9687684967376994,0.8700301217028876,0.9803235421062475,0.9964446485966362,0.9847057887973155,0.7879673223494054,0.9755256611967947,0.9770305260170824,0.9795448239282625,0.9968195143978401,0.8831957792717925,0.8940906223245,0.7591604515981409,0.9194183345869094,0.9496824735141512,0.8957907939334616,0.9975006382757746,0.9992392312549963,0.9966120950995419,0.9996071157080182,0.99951356270837,0.9896609755639683,0.9948099602001643,1.0
2992,0.9666157416244854,0.9704545446598491,0.9705004341324742,0.9058181478809187,0.931209494954532,0.9811500965573785,0.9555199907415023,0.9712774535832677,0.9770783876994247,0.9652707789382491,0.9836079182136168,0.9988635339837401,0.9532792413992823,0.9904123305712139,0.9938320374802488,0.9111547577205668,0.9325942112706156,0.7319441283983302,0.8902949342115313,0.9579827061823838,0.8860867643655843,0.8653917911976148,0.9759735998060723,0.9913060247568273,0.6591907944603583,0.9103447460166616,0.7978717246666196,0.8917896594290112,0.8445704318560043,0.9853268506949823,0.9414000929656076,0.9566579832912444,0.21378623924636608,0.0,0.9850683912480066,0.9808038446622087,0.8214629354730836,0.9153134816066915,0.9220908152621826,0.9450178097152357,0.7555580510520821,0.7856498415756132,0.9039427179092424,0.9230792402236937,0.7989033054980295,0.9395788399439373,0.9791911529595699,0.9659272401557807,0.665503966589492,0.9538694147358403,0.9477867158413426,0.9476344062020677,0.9842727021487555,0.7553749224641463,0.8599429095970217,0.6230088619155905,0.8109462658284743,0.8592245805254141,0.7721737662530576,0.9612556167427393,0.9878507765249339,0.9903526077346513,0.9915798847808579,0.9921853088722434,0.9810607418859923,0.9844643776236605,1.0
3000,0.9962385947074874,0.9961643048025454,0.9940476047061215,0.9825064916884444,0.9894863027061067,0.9956751679324848,0.9865777022495382,0.9962941040251627,0.996630933573259,0.9957022412207283,0.9973290632478732,0.999845278112978,0.9920519108131174,0.998698310620098,0.9992507470768505,0.9603936975403188,0.9904858545576218,0.9738604325100554,0.9839911002278999,0.9938414742447884,0.9716408776150269,0.9747966581656694,0.9964465658475448,0.9986842029286752,0.9494899658344398,0.9851806477736703,0.9541442057609042,0.9623877122745214,0.9148385087365505,0.9974006895657836,0.9850810540397925,0.9889925328792772,0.9940805144603067,0.9850683912480066,0.0,0.9969037387164822,0.9343361644490932,0.9859369660105162,0.9841997441602442,0.9898841085087456,0.9832020742999722,0.9694395901148621,0.9729083410939166,0.9884245792471579,0.9686924952746855,0.9881409970737401,0.9972069935682975,0.9956304468008036,0.9645106329095611,0.9933587543016573,0.9928105031529995,0.9899200400469352,0.9983497269184125,0.9672880793213354,0.9765723995721782,0.9606409839099196,0.9635656491158013,0.9805920062354726,0.9637618391327719,0.9884005872673648,0.9991152961733482,0.998721894354581,0.9987658184504705,0.9987237904961875,0.9975852776388778,0.9970564908838727,1.0
3180,0.993159432147981,0.9939821780168379,0.9682979097943775,0.9645672342681597,0.9843964695087941,0.9961905463065133,0.9827628033645774,0.9949630344568413,0.9947694508854027,0.9931241240128644,0.9950056299723209,0.9997633829118384,0.9379064672454122,0.9849049325047582,0.9954595231532297,0.5777206743049701,0.9659711103738171,0.9512447836864385,0.9761199624513948,0.9902104067955864,0.9331198125419669,0.9402081451545348,0.9915757766894497,0.9849319113587711,0.9025472206016378,0.9683143400079546,0.9616453888980817,0.9461466478527617,0.9535192560544259,0.9964584343224505,0.985977555419178,0.9889875767472569,0.9903437706404365,0.9808038446622087,0.9969037387164822,0.0,0.9286237330390817,0.9758462151460119,0.9702229249462032,0.978022583342719,0.9736019321543894,0.9613177557515894,0.9793951335251606,0.9824582965007228,0.967055128669517,0.9814035126224661,0.993969521367624,0.9903113018759069,0.9443004584453542,0.9879657622403626,0.9877780650820327,0.9832083661942626,0.9956033320381221,0.9457537973246957,0.9674612577847316,0.9388381493272986,0.9474352100079937,0.9614055379600391,0.9512775663754216,0.9840936165188051,0.9888570329240646,0.9975875123910656,0.9756094826048611,0.8922601890994513,0.9949712881639056,0.993501807041404,1.0
3300,0.9037477767881088,0.8865556645289694,0.9209667186818452,0.6108831894441298,0.7989509542416346,0.9187249520387016,0.9050426035845399,0.8854184700542139,0.9311514180031801,0.8952243780965938,0.9417392436922166,0.9954005583149167,0.9387765464199993,0.9677576224044356,0.9805568105543293,0.7430672988857802,0.8319253658463304,0.6090759719657459,0.7685146385700813,0.8921379435656682,0.7787136715660851,0.6679266762880443,0.9473114955009397,0.9483514493903417,0.6525854261927011,0.6285109004369653,0.6473090710339431,0.8373962222270407,0.6684431506457597,0.9679019278656557,0.8588214466347717,0.8595109295836533,0.9065975267387971,0.8214629354730836,0.9343361644490932,0.9286237330390817,0.0,0.8142386391876519,0.8235631622566602,0.6491615909448343,0.6853612089872606,0.742787854437324,0.8127537907784786,0.8357841843835028,0.7352975433487544,0.8673794708784015,0.9332563975480557,0.9248325386923045,0.6042909677360413,0.9124724410530454,0.889116167003461,0.8709081396758738,0.9625559734339448,0.6123017197053565,0.7946254006939022,0.5661504118058349,0.6414114001906102,0.7359358631378492,0.6256905928404164,0.857541047401691,0.9676722689996179,0.9756434393131826,0.9131498324331684,0.9490018511768458,0.951031055766314,0.9372364381644851,1.0
3500,0.9007916937634997,0.9159134706138691,0.9607259968288416,0.8638888065805432,0.9000693417019842,0.9783582005661507,0.9714345899445709,0.9208757781725109,0.965664935961575,0.9198451895154192,0.9672781191280588,0.9960258496529639,0.9632674530430965,0.980372865710008,0.9878192904327442,0.8878546317346585,0.9260856599905058,0.7568791122601151,0.880942915585409,0.9483243630434137,0.8602508166792725,0.8305423876979503,0.9722490875086484,0.9816765168122247,0.8461721496702886,0.8763280085854154,0.9061595720669128,0.9350692575634737,0.866776382793037,0.9851939263304964,0.904171655568966,0.9675700745835194,0.9660936542018429,0.9153134816066915,0.9859369660105162,0.9758462151460119,0.8142386391876519,0.0,0.8982455838540889,0.9091123450528642,0.8129912779162044,0.8565556984523857,0.9117170088559376,0.9015668859554129,0.864472798997204,0.9145374800815691,0.9535985271469432,0.9547113607762093,0.7211355951889817,0.945816077715264,0.9358590504022176,0.9167797051008943,0.9778622120917119,0.779919971567558,0.8442221572017776,0.6914024233097089,0.7969629975513435,0.8204156263861266,0.7682602883135851,0.900422182428553,0.9686891006703464,0.9689084521314287,0.972642199615651,0.9734454172667392,0.9731448849018943,0.9523859320393392,1.0
3680,0.9626379693731566,0.9651617346056575,0.9727191944306102,0.8781122768008319,0.9393699830280083,0.9837823686437326,0.9727191521559417,0.9673106518734107,0.974583817554564,0.9600773348570775,0.951905285592783,0.9987058200991649,0.9728320424967447,0.9836613302355943,0.9948341775615049,0.9141228425887955,0.9383735882913891,0.7208892010943408,0.9123462294551667,0.9577871071457091,0.907910425731857,0.8746274156399343,0.9710745467366629,0.9767302473770673,0.8704307869942137,0.8958554584991747,0.8956555494726001,0.9340136120101045,0.8952504213270046,0.9859756680741146,0.9552611790208667,0.9698983735260034,0.9697422844781542,0.9220908152621826,0.9841997441602442,0.9702229249462032,0.8235631622566602,0.8982455838540889,0.0,0.9161840495313783,0.846175676809501,0.8842923244379404,0.937878292708406,0.8908350475442954,0.8610581015613852,0.8599294085688589,0.9272456347336318,0.940814566965936,0.7408446767433852,0.9397558051641302,0.9054515630457913,0.8773668153034394,0.97169746698438,0.7764483611529952,0.8559756090189043,0.7167924822677278,0.7196846696580133,0.7187121993477066,0.5893840026868522,0.626514512500647,0.9424942373374917,0.9795630694814886,0.9289374066019587,0.9265678159047385,0.970601914261868,0.9290293013879294,1.0
4180,0.9860655108754574,0.9881616210289977,0.9155653005711799,0.04867126930240184,0.9011870556183458,0.9686776756368768,0.9305152626151876,0.997400506610968,0.9743127358829671,0.9922863672099543,0.9941157387780373,0.999610631469313,0.9540128500865526,0.9946004220928556,0.9968856923951471,0.5468657530411368,0.9230638396661793,0.8625328237741359,0.845977004912507,0.9410971161871969,0.8098448665815485,0.5190575517028231,0.9770697084185083,0.9964529169172704,0.5330579455541932,0.025278971466314304,0.6060306515034488,0.8706060632105403,0.4177832682848055,0.9867543447791868,0.8224003646689291,0.9492622914209953,0.9958349166106021,0.9450178097152357,0.9898841085087456,0.978022583342719,0.6491615909448343,0.9091123450528642,0.9161840495313783,0.0,0.9230208714313997,0.8475477391432927,0.9111417737947298,0.8876078283563682,0.8891783375396136,0.9086705961869245,0.9945932570953924,0.9774425945456271,0.8036040232058611,0.9623943309146433,0.9632137430568691,0.936018820418634,0.9893574669252302,0.7355761990412565,0.787200530837042,0.7825853216128498,0.7348637909191553,0.8861655731181923,0.805664479432243,0.9725461348400668,0.9966754320595939,0.9935221632506456,0.9927261844699861,0.9992112548642997,0.9889932153012497,0.9910019926428312,1.0
4580,0.9168625510524638,0.9422971068960453,0.9463276511045969,0.884064043664335,0.8724405527487556,0.9877119874745939,0.9703022993781832,0.9452671652366063,0.9583781952780778,0.9355725438181447,0.9730956920513636,0.9975589806938435,0.956673161835977,0.9773623110828058,0.9899178350855066,0.803062752347675,0.8511037093956586,0.13317152800245768,0.7900289774384266,0.9178734449679083,0.8335287901695018,0.762082679610916,0.9395312147163892,0.982484844518997,0.7015869216234861,0.9008188177495309,0.8991045361452304,0.9234167310339272,0.8730487570601815,0.9768068741205601,0.9335727971152785,0.9585344536779594,0.9633471134951387,0.7555580510520821,0.9832020742999722,0.9736019321543894,0.6853612089872606,0.8129912779162044,0.846175676809501,0.9230208714313997,0.0,0.677312246309244,0.820621305691812,0.8169022092490146,0.6454323339153497,0.8570513068645168,0.9602199519743339,0.9281823369652911,0.34280332785222656,0.9135568986574386,0.8835328589066771,0.8955718434707423,0.9493813242410887,0.4449977402760762,0.8556907682979211,0.2583890296924529,0.5937102206788021,0.6441965900324724,0.5243629365934857,0.9746966907311676,0.9889801909296014,0.9815559081029415,0.9863376661914766,0.9755930530764717,0.9639814265303046,0.9697286069978912,1.0
4900,0.855979073583418,0.8286764902507318,0.9328172897635205,0.8030405327608855,0.7815516100649117,0.9645079331065874,0.9594075445390217,0.8235349251604388,0.9053748968424395,0.7886006206113667,0.9281391706456129,0.9948328101516103,0.9455808050042774,0.9703860353373396,0.977641846858481,0.8457421511286576,0.8782787159864136,0.6375395749069603,0.65602930618699,0.8614014926109795,0.7768696386234698,0.7238226001040222,0.9458022045957836,0.9574430949971466,0.6790408412380082,0.8224232253336499,0.8488112542420269,0.9193512926963631,0.8142408878557887,0.9664910215470648,0.9196432227470182,0.9388930586101504,0.9175938402831956,0.7856498415756132,0.9694395901148621,0.9613177557515894,0.742787854437324,0.8565556984523857,0.8842923244379404,0.8475477391432927,0.677312246309244,0.0,0.8082371178013315,0.8735184116566581,0.7260069145658601,0.8989920757612119,0.9121791343633513,0.9470896175410422,0.6369455223713307,0.9390263096507749,0.9238382364514091,0.9003626889920915,0.9723635900165547,0.6399591504406874,0.8454633050703355,0.5950451746247878,0.6713604720125967,0.7910772133663914,0.6724968939841923,0.9237142899844666,0.9645259885981133,0.9725834466507816,0.96957711284172,0.9740792051133702,0.9741219361021851,0.9527703703122092,1.0
5000,0.9079964952874734,0.8388332016469312,0.9484114472935328,0.8763768388116916,0.6831325640082093,0.9831025191136936,0.9729666532989749,0.8246690514711943,0.9417188592649213,0.8849745422462525,0.9713521335859577,0.9965568333670872,0.9724094283179864,0.9874003956724781,0.9894304335448685,0.9057288338336735,0.8653835610633568,0.7994550679627028,0.7327650917360053,0.9054188339978291,0.8419849258779393,0.8259537906487509,0.9674850688415657,0.9814701011640901,0.8337194937016553,0.8950126107919008,0.900791096106261,0.9455065090062814,0.883691123189516,0.982995508214678,0.9536015693984714,0.9496831481805502,0.949336187060764,0.9039427179092424,0.9729083410939166,0.9793951335251606,0.8127537907784786,0.9117170088559376,0.937878292708406,0.9111417737947298,0.820621305691812,0.8082371178013315,0.0,0.9197333296357129,0.8362402524725,0.9458715353762112,0.9584429366888424,0.9726338665405105,0.7936302185384906,0.9665374318369707,0.9593111096714251,0.9472774830269189,0.9846702194689196,0.7733119494863835,0.9043778834954477,0.7693360856497852,0.7880471733611114,0.8850764048603962,0.8346563236164039,0.966431298655782,0.9873997760793738,0.9883466691847773,0.9891977339046146,0.9874154701856662,0.9855140110130314,0.979700714736057,1.0
5100,0.9581141760436669,0.956053802540998,0.9707036739303758,0.870797162477036,0.8931892950203303,0.9882719718124678,0.9807101957486337,0.9565776646956476,0.9728211866113119,0.9539395874465608,0.9724641459061216,0.9969918337604352,0.9635519952758983,0.9796530964698852,0.992448949096403,0.9019987117007608,0.9369374924205502,0.7296717143292875,0.8780849994048867,0.9514637309722509,0.9069702691253331,0.8662468387355842,0.970166846847952,0.9783365362739275,0.8510792823431348,0.8761955968669825,0.9236398429306616,0.9600496403942785,0.8943592719795206,0.9739043968714249,0.9494337727482762,0.9694528264427842,0.9687684967376994,0.9230792402236937,0.9884245792471579,0.9824582965007228,0.8357841843835028,0.9015668859554129,0.8908350475442954,0.8876078283563682,0.8169022092490146,0.8735184116566581,0.9197333296357129,0.0,0.8259047357846099,0.8290327299410135,0.9578666078203677,0.9436106478726373,0.731639482653637,0.9386519186537444,0.9090945063869554,0.8511824925741001,0.9734446627739936,0.7593200972490474,0.8974871514456056,0.7065032906306744,0.7393392995526802,0.8012095114067236,0.7417573042030032,0.8929989086459019,0.9733557869858365,0.8942682461934993,0.9618082857192731,0.9837784579721676,0.9623526930437107,0.618338279012734,1.0
5280,0.8952368612805675,0.8737917554080966,0.9435920096909773,0.8494191133756492,0.844781414532684,0.936790468638687,0.9603953851449611,0.8684594400310313,0.9222747822614258,0.8563218326471458,0.9281669786012006,0.9961949539356224,0.9571072497450829,0.9780490240643391,0.9858551494324472,0.8628973385816179,0.881285990839476,0.5873423988852902,0.8039655369280453,0.9093579585631971,0.8268475249318887,0.777585857615266,0.9515294825457064,0.9651643378557998,0.749610751868327,0.8649497131282814,0.8610969194618493,0.9297400283360475,0.8429389630098558,0.963080806316764,0.9253744540888896,0.950795779337721,0.8700301217028876,0.7989033054980295,0.9686924952746855,0.967055128669517,0.7352975433487544,0.864472798997204,0.8610581015613852,0.8891783375396136,0.6454323339153497,0.7260069145658601,0.8362402524725,0.8259047357846099,0.0,0.8801351256173221,0.932368505113719,0.9406250728004568,0.5954684142675907,0.9241695364938788,0.9054804226727414,0.8383104356374641,0.9641538014257068,0.6387821397224398,0.808070517273614,0.5513685706638816,0.6791217438111781,0.7482283218617416,0.5889555891773528,0.8658086758619097,0.9777688276879827,0.9695057580588654,0.97266367500063,0.9742638547959545,0.9699793885974768,0.9270925541896115,1.0
5500,0.9694671735177899,0.9633258500549298,0.9749898297757568,0.8935675740799264,0.9473189249609923,0.9899641989088473,0.9845680090142136,0.9652470256679387,0.9797229061341666,0.9635358584132355,0.9729504910699169,0.9976501414352081,0.9657237866012036,0.9831324774136566,0.9947240276302656,0.9190642012216896,0.9466373894734521,0.7600673477153882,0.9263382610160285,0.9655617153101566,0.9284376536491826,0.8915415130629116,0.9743509699113956,0.9795294507756045,0.8867739040432471,0.8969327821862424,0.9366764262116853,0.9667656154249679,0.9098129501679642,0.9816759630202146,0.9594644778637087,0.9712045608168437,0.9803235421062475,0.9395788399439373,0.9881409970737401,0.9814035126224661,0.8673794708784015,0.9145374800815691,0.8599294085688589,0.9086705961869245,0.8570513068645168,0.8989920757612119,0.9458715353762112,0.8290327299410135,0.8801351256173221,0.0,0.9640518236146397,0.9502154699994501,0.7715572987440238,0.9478949749301744,0.9167320616999157,0.8922032306167308,0.980609548213053,0.8062677949535101,0.8938424784118318,0.7503240164960615,0.7972664529711545,0.7955863113568509,0.714562258458473,0.7728300543761807,0.9694928984179517,0.97393300790749,0.9571159686494286,0.9883192027792486,0.965013222296914,0.7232178894467738,1.0
5600,0.9548280330385444,0.9261736797038667,0.9666270268874569,0.9727307519706534,0.969539374503064,0.9981713846650065,0.9948227421012692,0.9345251573486819,0.9619335131374589,0.9351623696128065,0.5822510380595031,0.999733032145135,0.9831107847610161,0.9930426220869101,0.9983713681582932,0.9768225650945436,0.9518749599022717,0.8952482870573657,0.9511681011326882,0.9709982841146022,0.9376994515094028,0.9324704871480831,0.9893458186263813,0.9900852819436013,0.9078557920455846,0.9687184010847555,0.9807422768492341,0.9874140849545964,0.933202466083869,0.9970511517427775,0.9898660613056613,0.9949838908733876,0.9964446485966362,0.9791911529595699,0.9972069935682975,0.993969521367624,0.9332563975480557,0.9535985271469432,0.9272456347336318,0.9945932570953924,0.9602199519743339,0.9121791343633513,0.9584429366888424,0.9578666078203677,0.932368505113719,0.9640518236146397,0.0,0.9817306225546649,0.8433831490132535,0.9791051872316452,0.9759856251023752,0.9597042924594966,0.9898198912903384,0.8963774718771231,0.9609000479113077,0.823469652880541,0.9040475394945513,0.9179888345723084,0.8714821564333038,0.9518811505436883,0.9908583354960876,0.995260079868723,0.975682947967688,0.9831118671681958,0.9889281014141847,0.9597630453458206,1.0
5800,0.9824531148812516,0.9813042779629896,0.9875377452968072,0.9681189399374189,0.9761498289770562,0.996277961019756,0.9939105517472859,0.981729393615009,0.9895436055573843,0.9792386358265049,0.9832614564385742,0.9987447771636824,0.9876903212670569,0.9908821808589496,0.9962345676901032,0.9695462248940664,0.9596407104774963,0.72139966884315,0.9652251069638582,0.9834439093325114,0.9636782800769516,0.946648425379664,0.9861331284913727,0.9894238029589519,0.9485519059539593,0.9710194112704651,0.9776952707381734,0.9856910575583231,0.9684855830669842,0.9905233454888352,0.9846352745560749,0.9909510995128876,0.9847057887973155,0.9659272401557807,0.9956304468008036,0.9903113018759069,0.9248325386923045,0.9547113607762093,0.940814566965936,0.9774425945456271,0.9281823369652911,0.9470896175410422,0.9726338665405105,0.9436106478726373,0.9406250728004568,0.9502154699994501,0.9817306225546649,0.0,0.8456695270990213,0.9627066549083647,0.9537310740796382,0.890984817508897,0.9825648729720449,0.8900109424295026,0.9450848581853255,0.8324822140148083,0.8831582849767511,0.8781553846424954,0.8111146509383556,0.9236090360036777,0.8156318953124776,0.8853971600763766,0.991262267796207,0.9843626049327263,0.9855260622720992,0.9767259942315227,1.0
5980,0.8675644592336109,0.8238803903680937,0.9131567952139642,0.743934305171472,0.8292904885359924,0.9730269950242314,0.9523081357241407,0.822220471314606,0.9238588373726916,0.7971927816774524,0.8049821538989967,0.9859981647918667,0.9197739563297859,0.9509606171457505,0.9538212101207552,0.7616576436553666,0.8102961818066662,0.15925287857898485,0.7496901024587632,0.8869920736162007,0.7446948093805105,0.6441756827696885,0.896622883365641,0.9046750045322538,0.5774563520627858,0.761214632203584,0.8093003759630769,0.8897316357444056,0.7407579834700811,0.9145317394530496,0.8767478768058018,0.9261246826729448,0.7879673223494054,0.665503966589492,0.9645106329095611,0.9443004584453542,0.6042909677360413,0.7211355951889817,0.7408446767433852,0.8036040232058611,0.34280332785222656,0.6369455223713307,0.7936302185384906,0.731639482653637,0.5954684142675907,0.7715572987440238,0.8433831490132535,0.8456695270990213,0.0,0.49140212420132023,0.7708244853310408,0.5664482689493338,0.9021744715027479,0.32610487202440097,0.7359380691122435,0.07246867679211311,0.4270751605716775,0.45568198697324147,0.2765576863858401,0.7230821322669245,0.9412028471054338,0.87383489765133,0.9260794313022475,0.9528572453481567,0.88357757982043,0.8792370307737876,1.0
6100,0.9817303930316347,0.9791510701859295,0.9865995074280176,0.9528245416249221,0.969447626640157,0.9950852217395119,0.9913374713498132,0.9799200601273399,0.9877104942925656,0.9747089041794559,0.9849470348153636,0.9990791553584668,0.9835667602271617,0.9871125743301168,0.9957036434941701,0.9579975079021956,0.9666959094280685,0.7677423355069228,0.9575130252057789,0.9804667368235233,0.9589293150972144,0.9389155693482479,0.9843802154589405,0.9911045583049032,0.9340080958328829,0.9557315170994141,0.967095854979087,0.979594692451147,0.9547601439224838,0.9841467662774852,0.9683272419745999,0.9855162873872232,0.9755256611967947,0.9538694147358403,0.9933587543016573,0.9879657622403626,0.9124724410530454,0.945816077715264,0.9397558051641302,0.9623943309146433,0.9135568986574386,0.9390263096507749,0.9665374318369707,0.9386519186537444,0.9241695364938788,0.9478949749301744,0.9791051872316452,0.9627066549083647,0.49140212420132023,0.0,0.9302771091910024,0.9055084710954916,0.9818585078209244,0.8392876768817648,0.9496718977726007,0.7474700060891011,0.7747657604677298,0.7655076219591808,0.8189603892537622,0.9246041674408748,0.9848420887000444,0.9825182497546302,0.989936762509672,0.9859080552587033,0.9681796592987743,0.9633655350175026,1.0
6280,0.9758866501878523,0.9737716673249679,0.9838297301819594,0.9503355219307837,0.9644998413497466,0.9925364749767936,0.9904523503388364,0.9741742363926942,0.9853265885164044,0.9696780965186003,0.9827223445044105,0.9984130749168058,0.9842700214477729,0.9896747501772246,0.9961389627225135,0.9538315542211226,0.9570842217044128,0.7372330658477215,0.9481370884008318,0.9757716963563035,0.9509316569663198,0.929415098966639,0.9835209705065496,0.9860061675074732,0.9245482577685789,0.9546294945260114,0.9644947879805946,0.9782020395969915,0.9512098313997941,0.97919964315714,0.9748644451811633,0.9853900302632366,0.9770305260170824,0.9477867158413426,0.9928105031529995,0.9877780650820327,0.889116167003461,0.9358590504022176,0.9054515630457913,0.9632137430568691,0.8835328589066771,0.9238382364514091,0.9593111096714251,0.9090945063869554,0.9054804226727414,0.9167320616999157,0.9759856251023752,0.9537310740796382,0.7708244853310408,0.9302771091910024,0.0,0.8278333508222824,0.9760116613817247,0.8166498390746368,0.9197796902454345,0.7553196535113688,0.8161311817130015,0.8043503646475866,0.7445738555375895,0.8418992988951626,0.9752751937530979,0.9833354722649242,0.9616209171880882,0.9915393238688045,0.9797310523669643,0.9650524496530275,1.0
6480,0.9620440836689921,0.9609910926186619,0.9762996719688469,0.9181506392016335,0.9491939368781525,0.9894793893321085,0.9862158674094251,0.9618384003870586,0.9768229099550453,0.9610435408912082,0.9736832457624995,0.9977020770561791,0.9746623385517903,0.9787314470273825,0.9938873796010427,0.9357641819838515,0.9353273224739109,0.6282604586655087,0.9272386941184406,0.9651382737943291,0.9293918084123286,0.8970151854396013,0.9782938719220614,0.9879962296095708,0.9026241399708754,0.9235736097436797,0.9492259645793386,0.9700331955071934,0.9284861750467055,0.9832735213995704,0.967009251190736,0.9796430152135341,0.9795448239282625,0.9476344062020677,0.9899200400469352,0.9832083661942626,0.8709081396758738,0.9167797051008943,0.8773668153034394,0.936018820418634,0.8955718434707423,0.9003626889920915,0.9472774830269189,0.8511824925741001,0.8383104356374641,0.8922032306167308,0.9597042924594966,0.890984817508897,0.5664482689493338,0.9055084710954916,0.8278333508222824,0.0,0.9206203846710314,0.6604945176120987,0.8927946512347471,0.5234524277539401,0.7750714685701809,0.6844476015926697,0.4888930980937456,0.8027026688471363,0.99070323677564,0.9740989299880058,0.9926984966181371,0.9786682936693735,0.969566015333735,0.9702601872779568,1.0
6800,0.9937464960436396,0.9940831436595768,0.992804039820376,0.9445750578045047,0.9876589584159691,0.9984587128490531,0.9961920842268064,0.9946657988139859,0.9955659094804529,0.993816410212944,0.994416509924453,0.9997286360927308,0.9943094328549343,0.996171550053449,0.9989756123110333,0.9536661244226435,0.981576999037755,0.8912700034153129,0.9809682508200479,0.9921248416794027,0.9772923605750262,0.9267102259666453,0.9942217431537468,0.9974577328277914,0.9703749141154008,0.9487028788396626,0.9880848822750474,0.9907533472073444,0.9792786090489504,0.9970643056913924,0.9858220853341625,0.9959189062924801,0.9968195143978401,0.9842727021487555,0.9983497269184125,0.9956033320381221,0.9625559734339448,0.9778622120917119,0.97169746698438,0.9893574669252302,0.9493813242410887,0.9723635900165547,0.9846702194689196,0.9734446627739936,0.9641538014257068,0.980609548213053,0.9898198912903384,0.9825648729720449,0.9021744715027479,0.9818585078209244,0.9760116613817247,0.9206203846710314,0.0,0.9025822987784375,0.98156812973766,0.891460226371126,0.9486400989100509,0.9428891298727878,0.9233757003277805,0.9889090240153302,0.9975993789430414,0.9909677238136293,0.9976501203754162,0.9951806760486364,0.9895362550095153,0.9911493869896771,1.0
6980,0.8390087710912562,0.8148278342736842,0.9109097894084006,0.6796098236231294,0.7286415116033362,0.9142359479449538,0.944227790686787,0.8107937506983631,0.905559409086884,0.7647601934389294,0.9104260268216002,0.9755348872789307,0.9301629641518042,0.963650485815034,0.9798375284749404,0.749451233441413,0.8118762782615846,0.3224086594927078,0.6744182694501524,0.8607221716769167,0.7124217907652364,0.6083350048577827,0.9091664075341112,0.8893036689390234,0.5908798514640561,0.7010585593099011,0.7847649275180404,0.8845779833779663,0.7192498360718426,0.9115859725360256,0.8571061783837906,0.9008072529693014,0.8831957792717925,0.7553749224641463,0.9672880793213354,0.9457537973246957,0.6123017197053565,0.779919971567558,0.7764483611529952,0.7355761990412565,0.4449977402760762,0.6399591504406874,0.7733119494863835,0.7593200972490474,0.6387821397224398,0.8062677949535101,0.8963774718771231,0.8900109424295026,0.32610487202440097,0.8392876768817648,0.8166498390746368,0.6604945176120987,0.9025822987784375,0.0,0.7308355753068101,0.26545228339010063,0.5133178643231794,0.5808085885584853,0.4141814061583383,0.7943380924513868,0.9659082480811872,0.9278973509688673,0.9578179242061778,0.9144382299575659,0.9352467430244213,0.890877081822779,1.0
7180,0.9246558715738417,0.9176440113579879,0.954256406888985,0.7657196565884656,0.8880621583971164,0.9700864025934001,0.9637063734748025,0.9160848503153951,0.9553176991431725,0.9145180595909798,0.9670639173145292,0.9929025899907321,0.9615916389434184,0.9786174789625248,0.9883563334821538,0.8552792119646726,0.9164977656592408,0.746539689734419,0.8685717659337088,0.9362547927953953,0.8559358198181934,0.7867445932985984,0.9590984782167392,0.9514789898990846,0.7778317695373251,0.772387206627305,0.8548231614562541,0.9298663372259115,0.8087202947888245,0.9566956655543031,0.9207732065604448,0.9167759552841186,0.8940906223245,0.8599429095970217,0.9765723995721782,0.9674612577847316,0.7946254006939022,0.8442221572017776,0.8559756090189043,0.787200530837042,0.8556907682979211,0.8454633050703355,0.9043778834954477,0.8974871514456056,0.808070517273614,0.8938424784118318,0.9609000479113077,0.9450848581853255,0.7359380691122435,0.9496718977726007,0.9197796902454345,0.8927946512347471,0.98156812973766,0.7308355753068101,0.0,0.7074557064783136,0.7397394147150849,0.7927806554312335,0.6794320693869478,0.7861947848914815,0.9327998222769464,0.9815284875148084,0.9229041673999859,0.9854789496043728,0.9782783689647033,0.9771488286807457,1.0
7380,0.8508816382357322,0.8003897266961297,0.9027055693318508,0.7158409915255284,0.8101937117260096,0.970053284724989,0.947030286747965,0.7981644821630434,0.9148654864788216,0.7705065251916979,0.7759660013068947,0.9838588719050373,0.9115830614275735,0.9469831632544282,0.9472190609073383,0.7350101831810956,0.788892905716761,0.09473584419905923,0.7209144215891878,0.8741187562624232,0.7145654330643184,0.6036252702702393,0.8840298964356166,0.8910445643196542,0.5267540024107378,0.7351170124767867,0.7875419591761361,0.8776612455764906,0.7113609898863298,0.9050909262612781,0.8662990814592071,0.9183522653442913,0.7591604515981409,0.6230088619155905,0.9606409839099196,0.9388381493272986,0.5661504118058349,0.6914024233097089,0.7167924822677278,0.7825853216128498,0.2583890296924529,0.5950451746247878,0.7693360856497852,0.7065032906306744,0.5513685706638816,0.7503240164960615,0.823469652880541,0.8324822140148083,0.07246867679211311,0.7474700060891011,0.7553196535113688,0.5234524277539401,0.891460226371126,0.26545228339010063,0.7074557064783136,0.0,0.4059255749258902,0.4427074840316587,0.21391979339618628,0.7011437148236231,0.9364499748435329,0.8579444100350493,0.9167521261876882,0.9497247694388327,0.8837144329802504,0.8712808830938457,1.0
7700,0.8943714891063711,0.8986301963076001,0.9293406301515311,0.6928493963062026,0.6980782285348031,0.9292540087771772,0.9449670476742689,0.9012600690085276,0.9226362019747325,0.8733579398862445,0.9285393903973436,0.9950863575241228,0.9421709894508983,0.9686061386501255,0.9852228580950989,0.7781338429841641,0.8508950080038024,0.43454016730367917,0.7068067973848338,0.8804927822629374,0.7846356115204789,0.6878011987127923,0.9426419658379744,0.9555397953408516,0.672411217794088,0.7102636189336626,0.8003353239560693,0.898707482452588,0.7414869645068161,0.9609632935653029,0.895323319395867,0.9232988448068178,0.9194183345869094,0.8109462658284743,0.9635656491158013,0.9474352100079937,0.6414114001906102,0.7969629975513435,0.7196846696580133,0.7348637909191553,0.5937102206788021,0.6713604720125967,0.7880471733611114,0.7393392995526802,0.6791217438111781,0.7972664529711545,0.9040475394945513,0.8831582849767511,0.4270751605716775,0.7747657604677298,0.8161311817130015,0.7750714685701809,0.9486400989100509,0.5133178643231794,0.7397394147150849,0.4059255749258902,0.0,0.5657186657667919,0.37920166307186187,0.6246497060317163,0.8888940116373293,0.8918685666309001,0.8632695318212118,0.9358475635541299,0.9338952400656704,0.9169198483872011,1.0
7880,0.9369607605922132,0.9378227226231833,0.9552138265529602,0.8513697555552733,0.9000082884463255,0.9809950249236903,0.9718413194460356,0.9402949586761683,0.957321632598046,0.929784058453757,0.9451018770168799,0.9958741268630875,0.9548982314725977,0.9709320556577667,0.9886995141456342,0.8612430200938177,0.8869052000912957,0.4274531729027006,0.8552935253210487,0.9300152088469675,0.8636013601941218,0.7925167113794198,0.9459537938147625,0.954123580932956,0.7862513634312683,0.8628632973675905,0.8980002337546945,0.9367305668201596,0.8574346848374295,0.9628983243340994,0.9300836811625707,0.9461613282905345,0.9496824735141512,0.8592245805254141,0.9805920062354726,0.9614055379600391,0.7359358631378492,0.8204156263861266,0.7187121993477066,0.8861655731181923,0.6441965900324724,0.7910772133663914,0.8850764048603962,0.8012095114067236,0.7482283218617416,0.7955863113568509,0.9179888345723084,0.8781553846424954,0.45568198697324147,0.7655076219591808,0.8043503646475866,0.6844476015926697,0.9428891298727878,0.5808085885584853,0.7927806554312335,0.4427074840316587,0.5657186657667919,0.0,0.3561220831399702,0.5820647562801208,0.829015121968754,0.9307433362819364,0.8351649556171273,0.9350000130334821,0.9431643823396807,0.8909260915456024,1.0
8000,0.9027315379125158,0.891607141225922,0.9305096197587315,0.7560664031923069,0.8501405841322164,0.9709096497259936,0.9581621059660616,0.8930322915229042,0.9326721613918436,0.8872003182005486,0.9187823713261603,0.985827378246751,0.9370227524626518,0.959624761290344,0.9836336405204117,0.7959883519082002,0.8317994898283334,0.23544695365829438,0.7821597247640202,0.8978967934616409,0.7973694163180102,0.70259579969462,0.9367453128743394,0.9481860070784401,0.6777952673334497,0.7719367001485311,0.8371789016652289,0.9075488563446178,0.7745638090909426,0.9528375229448751,0.9028677603738599,0.9324838184604972,0.8957907939334616,0.7721737662530576,0.9637618391327719,0.9512775663754216,0.6256905928404164,0.7682602883135851,0.5893840026868522,0.805664479432243,0.5243629365934857,0.6724968939841923,0.8346563236164039,0.7417573042030032,0.5889555891773528,0.714562258458473,0.8714821564333038,0.8111146509383556,0.2765576863858401,0.8189603892537622,0.7445738555375895,0.4888930980937456,0.9233757003277805,0.4141814061583383,0.6794320693869478,0.21391979339618628,0.37920166307186187,0.3561220831399702,0.0,0.27284784456616396,0.7204397912639886,0.8599161969640107,0.8588153203366542,0.9707718468432487,0.9285851084532067,0.9435141624607853,1.0
8400,0.9852442360261319,0.983690250645944,0.9848808502693177,0.9496811963539766,0.959282179441939,0.9974406544393208,0.9926848476785538,0.9865352182206779,0.9817066791992014,0.9854530744509803,0.9753123648008628,0.9997271870427892,0.9808098520273252,0.9831708029010462,0.9979993173713557,0.9637076299702976,0.9577830083278744,0.6903604072908354,0.9462083644664552,0.9628996102448925,0.9590588930655515,0.9369724450545133,0.9819415113745662,0.9928299097581512,0.9447142168363274,0.9577622052571262,0.9712189740062406,0.9818795110696479,0.945016627073941,0.987933090884039,0.9786214268696457,0.9912442998549053,0.9975006382757746,0.9612556167427393,0.9884005872673648,0.9840936165188051,0.857541047401691,0.900422182428553,0.626514512500647,0.9725461348400668,0.9746966907311676,0.9237142899844666,0.966431298655782,0.8929989086459019,0.8658086758619097,0.7728300543761807,0.9518811505436883,0.9236090360036777,0.7230821322669245,0.9246041674408748,0.8418992988951626,0.8027026688471363,0.9889090240153302,0.7943380924513868,0.7861947848914815,0.7011437148236231,0.6246497060317163,0.5820647562801208,0.27284784456616396,0.0,0.9989417578587032,0.9878611483028636,0.9991852440789806,0.9989004016404954,0.9616213813368919,0.988161455358791,1.0
8591,0.9926784718819185,0.9903458110820834,0.9911524042999909,0.9890889712299094,0.989080243258919,0.9993902275836456,0.9979548801564058,0.9912734707477636,0.9931166084831816,0.98990295657264,0.9936426340351913,0.9999110455560025,0.9861549554080914,0.9840229993964542,0.9993260621835632,0.9871296131057101,0.9728680228698755,0.8969004936135856,0.9824667236900245,0.9894621383522454,0.9818016687322062,0.9678366554645226,0.9898291413605808,0.9931219296256442,0.9770254141423828,0.9909901286195195,0.9936651137310765,0.9949352433584789,0.989050026215173,0.9936355669228059,0.9937904257320768,0.997630188220161,0.9992392312549963,0.9878507765249339,0.9991152961733482,0.9888570329240646,0.9676722689996179,0.9686891006703464,0.9424942373374917,0.9966754320595939,0.9889801909296014,0.9645259885981133,0.9873997760793738,0.9733557869858365,0.9777688276879827,0.9694928984179517,0.9908583354960876,0.8156318953124776,0.9412028471054338,0.9848420887000444,0.9752751937530979,0.99070323677564,0.9975993789430414,0.9659082480811872,0.9327998222769464,0.9364499748435329,0.8888940116373293,0.829015121968754,0.7204397912639886,0.9989417578587032,0.0,0.9932109190720162,0.9998452222791291,0.9997841780481541,0.9940477599768325,0.9976300954088316,1.0
8592,0.9952893553293579,0.9949545855022695,0.9958657754998611,0.9897882560514671,0.9888608213223666,0.9976217534148847,0.9973874866124037,0.9951460170135591,0.996284977265856,0.9942497642296468,0.9965215569772523,0.9996833954754631,0.9964520181031196,0.9979668431239791,0.9992481161932805,0.9895046858318235,0.9834135998911729,0.9316051739124793,0.9839713957842259,0.9934953698894378,0.9875255303977911,0.9831590584501528,0.9929279890118767,0.9955645799436814,0.9822146195304765,0.9908989863212935,0.9915937917523727,0.9936495342672664,0.9892856652472913,0.9968299961571592,0.9937768193553715,0.9967841699060785,0.9966120950995419,0.9903526077346513,0.998721894354581,0.9975875123910656,0.9756434393131826,0.9689084521314287,0.9795630694814886,0.9935221632506456,0.9815559081029415,0.9725834466507816,0.9883466691847773,0.8942682461934993,0.9695057580588654,0.97393300790749,0.995260079868723,0.8853971600763766,0.87383489765133,0.9825182497546302,0.9833354722649242,0.9740989299880058,0.9909677238136293,0.9278973509688673,0.9815284875148084,0.8579444100350493,0.8918685666309001,0.9307433362819364,0.8599161969640107,0.9878611483028636,0.9932109190720162,0.0,0.9927588946053895,0.9983765733428625,0.9926698709225662,0.9906266286820331,1.0
8691,0.9942660366600111,0.9933230561818774,0.9936691335949216,0.9861682553221837,0.9907033290921495,0.9993402728869963,0.9970739006406355,0.9943863237123416,0.9945364742459265,0.9908888359403544,0.9882945702076058,0.9999385920051105,0.9935762537336948,0.9976500038227147,0.9994493613036838,0.9817829988431546,0.9869593105454307,0.9401850622737153,0.9852727305037619,0.991786559865967,0.9741674453952263,0.9523988522307685,0.9927917678419143,0.9420775483848377,0.9663916136175185,0.9872906545351722,0.9914676695981471,0.9932720732045561,0.9824831510852184,0.9972011805696079,0.9936060736014102,0.995715220098097,0.9996071157080182,0.9915798847808579,0.9987658184504705,0.9756094826048611,0.9131498324331684,0.972642199615651,0.9289374066019587,0.9927261844699861,0.9863376661914766,0.96957711284172,0.9891977339046146,0.9618082857192731,0.97266367500063,0.9571159686494286,0.975682947967688,0.991262267796207,0.9260794313022475,0.989936762509672,0.9616209171880882,0.9926984966181371,0.9976501203754162,0.9578179242061778,0.9229041673999859,0.9167521261876882,0.8632695318212118,0.8351649556171273,0.8588153203366542,0.9991852440789806,0.9998452222791291,0.9927588946053895,0.0,0.9987918109346923,0.9934861527103764,0.9869602211922933,1.0
8692,0.9945943501394464,0.9937850302766809,0.9918214682509928,0.990938116313746,0.9900787567799579,0.9994537698637694,0.9965100952040484,0.9952025276917218,0.9943554908605888,0.993998007097296,0.9884802978159585,0.999897126864611,0.9886409684866484,0.9975861231011636,0.9992149764454094,0.9489663030274712,0.973041264588144,0.9464006327519038,0.9841930104437969,0.9895368348483741,0.9599770345746879,0.9747916262434523,0.975885521999507,0.8920623598820093,0.9618628432431532,0.9929745616069605,0.992894622242878,0.9891971664399735,0.9882150494055557,0.9973892877906518,0.9948600997603129,0.9978000152404147,0.99951356270837,0.9921853088722434,0.9987237904961875,0.8922601890994513,0.9490018511768458,0.9734454172667392,0.9265678159047385,0.9992112548642997,0.9755930530764717,0.9740792051133702,0.9874154701856662,0.9837784579721676,0.9742638547959545,0.9883192027792486,0.9831118671681958,0.9843626049327263,0.9528572453481567,0.9859080552587033,0.9915393238688045,0.9786682936693735,0.9951806760486364,0.9144382299575659,0.9854789496043728,0.9497247694388327,0.9358475635541299,0.9350000130334821,0.9707718468432487,0.9989004016404954,0.9997841780481541,0.9983765733428625,0.9987918109346923,0.0,0.9967606750941865,0.9833363834669877,1.0
9080,0.9923811954179336,0.9904707082764653,0.9944226054453122,0.9839878116058206,0.9877668029508988,0.9983612389544111,0.9965838427493136,0.9905986133310327,0.9949356035325274,0.9889887903450436,0.9885578605070893,0.9993019175845891,0.9920521568293307,0.9940426580499615,0.9976015219912865,0.9833447945315854,0.9856387894291753,0.8991137904196458,0.9821690198255791,0.9917519301847909,0.9820701426387379,0.9755393585128975,0.9894533188460549,0.9943018612777006,0.9727705002801543,0.9852503916935084,0.9876828910048967,0.9913450134305165,0.982720738430004,0.9947030380879814,0.9905529476608391,0.9952310605285414,0.9896609755639683,0.9810607418859923,0.9975852776388778,0.9949712881639056,0.951031055766314,0.9731448849018943,0.970601914261868,0.9889932153012497,0.9639814265303046,0.9741219361021851,0.9855140110130314,0.9623526930437107,0.9699793885974768,0.965013222296914,0.9889281014141847,0.9855260622720992,0.88357757982043,0.9681796592987743,0.9797310523669643,0.969566015333735,0.9895362550095153,0.9352467430244213,0.9782783689647033,0.8837144329802504,0.9338952400656704,0.9431643823396807,0.9285851084532067,0.9616213813368919,0.9940477599768325,0.9926698709225662,0.9934861527103764,0.9967606750941865,0.0,0.9519799919137797,1.0
9480,0.9891380195468129,0.9895100699827362,0.9918075082015548,0.981998781461809,0.977747015577325,0.9971677928907192,0.9957887306105394,0.9907559790046216,0.9910338337286311,0.9872126733783618,0.9795871037332116,0.9996397656968717,0.9617405731428796,0.980029723886276,0.9984640940230036,0.9710725443867226,0.9748061084983386,0.8831869782294125,0.966539876714592,0.984140123880923,0.9688242102452859,0.9662393880942545,0.9752492535034226,0.9873014676440993,0.9626186209056756,0.9822217962813269,0.9873470196205045,0.9895974986048306,0.9788103599454112,0.9915202044571033,0.9803313751060936,0.9940561754411532,0.9948099602001643,0.9844643776236605,0.9970564908838727,0.993501807041404,0.9372364381644851,0.9523859320393392,0.9290293013879294,0.9910019926428312,0.9697286069978912,0.9527703703122092,0.979700714736057,0.618338279012734,0.9270925541896115,0.7232178894467738,0.9597630453458206,0.9767259942315227,0.8792370307737876,0.9633655350175026,0.9650524496530275,0.9702601872779568,0.9911493869896771,0.890877081822779,0.9771488286807457,0.8712808830938457,0.9169198483872011,0.8909260915456024,0.9435141624607853,0.988161455358791,0.9976300954088316,0.9906266286820331,0.9869602211922933,0.9833363834669877,0.9519799919137797,0.0,1.0
9700,1.0,1.0,1.0,1.0,1.0,1.0,1.0,1.0,1.0,1.0,1.0,1.0,1.0,1.0,1.0,1.0,1.0,1.0,1.0,1.0,1.0,1.0,1.0,1.0,1.0,1.0,1.0,1.0,1.0,1.0,1.0,1.0,1.0,1.0,1.0,1.0,1.0,1.0,1.0,1.0,1.0,1.0,1.0,1.0,1.0,1.0,1.0,1.0,1.0,1.0,1.0,1.0,1.0,1.0,1.0,1.0,1.0,1.0,1.0,1.0,1.0,1.0,1.0,1.0,1.0,1.0,0.0
