setor_1,setor_2,distancia_cosseno,similaridade_cosseno
2300,4180,0.025278971466314304,0.9747210285336857
0580,2300,0.04781392496731651,0.9521860750326835
0580,4180,0.04867126930240184,0.9513287306975982
5980,7380,0.07246867679211311,0.9275313232078869
1800,7380,0.09473584419905923,0.9052641558009408
1800,4580,0.13317152800245768,0.8668284719975423
0192,1091,0.13401611516314338,0.8659838848368566
1800,5980,0.15925287857898485,0.8407471214210152
2991,2992,0.21378623924636608,0.7862137607536339
7380,8000,0.21391979339618628,0.7860802066038137
1800,8000,0.23544695365829438,0.7645530463417056
4580,7380,0.2583890296924529,0.7416109703075471
6980,7380,0.26545228339010063,0.7345477166098994
8000,8400,0.27284784456616396,0.727152155433836
5980,8000,0.2765576863858401,0.7234423136141599
1800,6980,0.3224086594927078,0.6775913405072922
5980,6980,0.32610487202440097,0.673895127975599
4580,5980,0.34280332785222656,0.6571966721477734
0191,2091,0.3457057243291197,0.6542942756708803
0191,2092,0.34802537788851895,0.651974622111481
