k_solicitado,k_real,silhouette,menor_cluster,maior_cluster,clusters_unitarios,dist_media_interna
2,2,0.08813041114539209,1,66,1,0.9105342795948292
3,3,0.08603213218964496,1,65,2,0.9078635952109039
4,4,0.07604552245772445,1,64,3,0.9054534590594738
5,5,0.07240433483438895,1,63,4,0.903011392612719
6,6,0.08121361649981038,1,60,4,0.8951748494677162
7,7,0.07976742201091855,1,59,5,0.892301382007003
8,8,0.08130455136550102,1,56,5,0.8833407176788177
9,9,0.07960453877097862,1,55,6,0.8800152557015097
10,10,0.07852993472981142,1,54,7,0.8765786172364698
