setor,vizinho_mais_proximo,distancia_cosseno,similaridade_cosseno
1100,5600,0.21977951570817167,0.7802204842918283
5600,1100,0.21977951570817167,0.7802204842918283
5980,7380,0.3277011794099154,0.6722988205900846
7380,5980,0.3277011794099154,0.6722988205900846
2991,2992,0.3815184002026174,0.6184815997973826
2992,2991,0.3815184002026174,0.6184815997973826
3680,2491,0.47232533203756244,0.5276746679624376
2491,3680,0.47232533203756244,0.5276746679624376
0680,7700,0.4770452855441182,0.5229547144558818
7700,0680,0.4770452855441182,0.5229547144558818
4900,1991,0.5205930540452801,0.4794069459547199
1991,4900,0.5205930540452801,0.4794069459547199
4580,2991,0.567498753422155,0.43250124657784506
2492,3680,0.5685409096812747,0.4314590903187253
0191,1992,0.5691618132970091,0.4308381867029909
1992,0191,0.5691618132970091,0.4308381867029909
1092,1991,0.589984474990338,0.410015525009662
8691,3680,0.6088953714297409,0.39110462857025907
0791,3500,0.6360648503727,0.3639351496273
3500,0791,0.6360648503727,0.3639351496273
6980,0680,0.6553417970255238,0.34465820297447625
2200,2991,0.6631623926000025,0.33683760739999746
8400,3680,0.669433609609113,0.330566390390887
2300,3500,0.6838507729355489,0.31614922706445114
5000,0680,0.6978317864478982,0.30216821355210177
2091,0191,0.6987498828009212,0.3012501171990788
1300,1400,0.710431112543392,0.289568887456608
1400,1300,0.710431112543392,0.289568887456608
7880,8691,0.7138807723276122,0.28611922767238784
1600,0280,0.7201420216464962,0.2798579783535038
0280,1600,0.7201420216464962,0.2798579783535038
2092,2091,0.724949329390612,0.27505067060938804
1200,0191,0.7306239970057938,0.26937600299420617
2500,2491,0.7334868337540078,0.2665131662459922
0192,3500,0.7350087995723664,0.2649912004276336
5280,2991,0.7407478208826465,0.25925217911735354
8692,3680,0.7471968564257958,0.2528031435742042
1093,0192,0.7612129682776183,0.2387870317223817
1700,3500,0.7630827281493338,0.23691727185066624
0792,2492,0.7807628943276759,0.21923710567232413
8000,5280,0.7826610519361065,0.21733894806389353
7180,5280,0.7934608412713569,0.20653915872864315
1091,0192,0.7963863099193496,0.20361369008065044
8591,3680,0.7966481204198707,0.20335187958012935
6480,2991,0.7970744124691991,0.20292558753080092
5100,7700,0.8034085799094705,0.19659142009052955
1500,1091,0.8214644826268624,0.17853551737313755
6100,2991,0.8251586079989,0.17484139200110005
0580,3500,0.8268504093963425,0.17314959060365753
2800,2991,0.8284709067999594,0.17152909320004062
8592,3500,0.8383631681712723,0.16163683182872768
3300,2491,0.8396261724483591,0.16037382755164087
2700,2991,0.8408152070137704,0.15918479298622956
9480,3680,0.844677613380476,0.15532238661952402
2093,2991,0.8744948949987894,0.1255051050012106
5500,9480,0.8790062376274296,0.12099376237257042
4180,0791,0.8805638393679115,0.1194361606320885
3000,2991,0.8830274230743103,0.11697257692568974
6280,6480,0.8906143991206514,0.10938560087934857
5800,8591,0.8962631128259494,0.10373688717405061
3180,2991,0.8971323734080272,0.1028676265919728
2100,8691,0.900334809207151,0.09966519079284897
9080,5980,0.9199873965683179,0.08001260343168215
1800,4580,0.9232365905008536,0.0767634094991464
2600,2991,0.9381005292483828,0.06189947075161717
6800,4580,0.9419164218391504,0.058083578160849636
9700,0191,1.0,0.0
