atividade_emissora,0191,0192,0280,0580,0680,0791,0792,1091,1092,1093,1100,1200,1300,1400,1500,1600,1700,1800,1991,1992,2091,2092,2093,2100,2200,2300,2491,2492,2500,2600,2700,2800,2991,2992,3000,3180,3300,3500,3680,4180,4580,4900,5000,5100,5280,5500,5600,5800,5980,6100,6280,6480,6800,6980,7180,7380,7700,7880,8000,8400,8591,8592,8691,8692,9080,9480,9700
0191,5860.351842030777,77.59375818947026,8.452157539256138,0.645615448697498,9.441352037424751,7.584492857342951,2.3685928166095342,530.1120444300711,578.8612848172804,1517.1094598655002,67.82833183192508,198.6282495163143,53.67430868477106,57.812857460921485,20.437306639863845,2.9766113072899705,12.257071095149668,0.11844306345426987,153.21634084638322,338.16104121946364,6.991136619058337,4.661685206949402,31.43195904763304,17.949738885798897,4.332009986702449,2.167665107367153,7.230528080458651,5.250549531533887,3.6389558176075405,6.412837017030089,6.024906807564758,11.458395225599775,21.44215970464311,3.426670436435998,4.821608848340738,10.983266848707885,1.5363840283948476,8.904357840344288,2.449702866277238,76.01223812040635,283.62784961475853,40.425664146464726,1.0014098502845759,3.9219553728036725,3.007077600380341,7.721577548809026,259.72774753917975,1.0860998057586257,0.16850457076258585,6.416719973277843,2.129494225325608,11.117920923342096,4.309616279820626,1.3300895241148207,1.9224159524973794,0.29584593638608825,0.6257361455260287,3.643673885690971,0.03121511141288998,81.74963627944778,43.77984737705624,7.07719873196433,35.009389927276246,32.80648724496946,1.8925824474697783,35.02204054611585,0.0
0192,22.962046881729723,1915.9372644006128,4.44707025095772,0.0918255365553784,1.2105385514300833,0.8003071644125622,0.29587259188786064,3291.5026276840435,6.58491280964442,150.67285507085325,4.842499964928127,11.438291382911206,3.7686887908587,8.48472303346847,46.90825440987535,2.519900347566661,6.099649045155458,0.026026758183439847,5.251760555067105,11.572572855954856,0.8541578997023291,0.4959512522594096,18.983708145521025,1.6583021054566651,1.0545054743725362,0.7088297213123423,1.6574421385397224,1.4287201944459718,0.9317334316084557,1.1500616124397873,1.023853106803591,2.03013993255073,3.861746853966093,0.529850446263417,0.8978261609103116,2.7857950228568895,0.2544787626027997,1.2894624157014833,0.4684445517148762,38.90679710882932,25.81913770124295,2.09072531229956,0.08844570270274656,0.727853280273271,0.6656303551193621,9.734849407584122,271.77427100212515,0.25455416028906475,0.08494543699308789,3.9127930554269597,0.698944487073436,5.267972393113774,2.280407180522262,0.5506962050024974,0.5498109690200157,0.1117603350704167,0.10591096249744189,1.2234823052940738,0.004065636698053702,56.15510300892931,35.962653731244146,4.8132867657996234,25.390253592949726,23.543854030016778,0.6273438071706101,19.11175475158801,0.0
0280,106.25822521390964,67.79041974589975,3391.5152751656337,0.28235073867553756,4.132774214164913,3.8721423892827143,1.0770887690138635,420.8875592943946,11.822183365586605,119.6269330723281,13.623281170063231,12.471739147917305,7.545715472569314,12.954142840130322,17.89293736852211,153.04756077640346,316.5790502845733,0.5665105226512612,8.054854365238747,8.710975520773992,7.8783606096264505,1.8134637981131194,17.531120742624967,9.552671009853494,39.09905612006072,5.274935111678416,55.4788803130885,3.1172342246212454,12.191613217654734,12.32840585663942,9.691255651712382,23.133367481923315,41.6082008996455,6.78699305376076,13.099828517409998,94.02154016611077,2.0479201006304057,8.611332254025358,2.4139980053723162,288.8192841257982,121.37006532234257,8.529675923113949,0.46056895788257846,1.4109528327036187,2.5918007357422095,5.1865873507133875,108.12352332973175,4.457364474701572,0.2819832607742113,6.930268816209744,3.148002879965472,13.424667681795153,12.080583759439254,2.306871117702495,2.0120844734157814,0.49263467312592324,0.8781935765722019,4.667444781345016,0.011575343428743856,49.63977813858166,30.211246541165373,6.786386738572786,21.825843623727785,28.1541070625794,2.061876696923324,17.423302638234457,0.0
0580,38.06352628506376,14.020151245105758,1.2095298775824455,187.93857925417558,17.45050891802891,3.05740843954303,1.0589080718544703,38.41872342282469,5.291917007280813,37.12407136664236,7.98371867143577,1.573153562112959,2.0363931997930176,2.61254796737708,2.896918726028334,0.5605021645751166,4.328939766320562,0.05789669558899744,16.616636007845887,11.415363114370034,25.013339435895514,3.2469120189840375,5.888897934694233,2.6616229946597483,3.98261060554472,49.21512811220451,43.11852165789084,16.42513514999606,6.2534142388769665,2.0809640284027413,8.883268920653368,11.071198074834772,24.091604195964862,3.9760594250936765,4.955619844252038,8.383287912097614,1.3032323128902437,17.438459586999958,14.648053929879522,682.4713645292281,26.11613341952167,5.443924255383396,0.21082818880407214,0.5590091363495843,1.4137955195865082,1.1593219787071387,14.991202870466113,0.3262917797956411,0.0571550751310632,5.753302936007574,1.2462637541260655,4.2163525244914455,32.578874526991015,0.4786694097924649,0.7214930251777373,0.08197500855128899,0.21611448829766233,2.289691139141495,0.004359136307161489,34.36948736617478,7.5464080956616,2.2185312757889792,9.901431450974243,6.431978262384629,1.0470421300768364,5.866274573716586,0.0
0680,38.22323836111885,7.968226073985459,1.9666626438087473,0.7334575648109288,629.6569961845113,14.836132748909932,4.484165353443173,45.009620818490404,8.888799534071103,42.54110554504496,7.428992798036481,1.9442981923626435,2.544990055821049,4.407519407386732,4.492010718306141,1.2015206972586012,8.244982894201852,0.0764067563335972,388.2318287051329,6.093728547597278,10.951655403505312,2.087364244473568,5.867267474644186,4.601526575351008,4.066337827480267,3.394605387133598,10.926081517007699,7.523688931700287,3.9967714280905473,4.680622821505963,6.34633064502006,9.051260407986824,19.017732059763848,2.6684562238408467,3.962510417682726,5.814764361264074,1.1604599557272328,35.13402662929158,3.975681104543603,72.03410629770809,77.65386800305903,82.76957916151746,1.9934839054066953,7.255973723739078,4.151071994012379,0.908376645594334,18.86867217133567,0.7424990971002007,0.09740850643297137,3.931174945123319,1.600811000775112,6.754195126532737,2.9753999576749495,0.9493514870367642,1.5605170294951227,0.16019257942289217,0.6333477333576749,2.0534815203252657,0.02288081399440852,29.517247675548347,8.111324379780806,4.143388400576638,7.0248123290278945,7.453860303413462,1.4479928766528878,10.823155318710878,0.0
0791,0.6109388704431853,0.2856419028587171,0.04387432419514662,0.028359336053580396,1.0822590441327402,908.810110341117,0.6916595703366162,1.8572850209129177,0.1333160305354669,1.2120106181706898,0.8910842382407406,0.04548350083009744,0.058844495634411374,0.16081800131175708,0.13416280053830684,0.05141835253198806,0.2804184053712821,0.006545628757192963,0.7991183368588906,0.10185876688286964,0.12983279796101999,0.07740891741398048,0.34061697020658144,0.17351996386865842,0.27095893991476716,0.3768943873991831,57.24194373137573,2.2550403574186855,6.306819278288034,0.5015744240433265,2.9828082263754556,9.381180826588986,11.590007434846477,2.4800860629636587,2.5490408163150677,1.6728814477714145,0.671182260766046,0.8339408993730467,0.2572975746256445,26.62825319500192,3.5593950202694957,0.6636548229408755,0.041323412722224354,0.051287669910355514,0.12821485047718903,0.05031285917663281,1.0117596164667548,0.042598266538734705,0.004921351862164933,0.3675467231534437,0.12135043952921024,0.3164530942929314,0.33174098498802923,0.04861121945476148,0.10725141673611142,0.00792011382384306,0.07027197118442055,0.15607168518031583,0.0006613085460163231,1.8282647023944976,0.40982469839365343,0.18248680964261726,0.5804420748626725,0.4860866008199167,0.12010026360308493,0.3649519247989067,0.0
0792,4.894977262908454,1.2227907789697343,0.18978872411611844,0.2781723773126155,4.961310424975316,2.6150885819421084,1107.1824926131137,10.044483043462543,0.8750251183994103,9.355350100876349,2.8172459990958703,0.3046303015081212,0.4635643584122361,1.0568229682247157,0.9450904787661766,0.3262752445822124,2.6920397964371583,0.13494571934167807,3.880913917871533,0.7619058107241989,2.0487554430285844,1.0386875929755148,2.1702020276292893,1.4472309003087644,1.2086118161301134,1.5095218485468525,82.44620565801554,256.54803008691624,15.278898727248365,3.6232244854239832,37.06838801516181,28.606752624529868,37.89781790416114,13.917276877057104,13.221305424201585,16.054604966625774,4.328422060541745,4.31250178646245,1.3838524352928825,78.07356217110637,20.376244374793497,3.631777214751188,0.22293990798909827,0.2537001133414755,0.6746513190704853,0.26137443585262926,4.490382088611423,0.3435214145981303,0.030989720672849688,1.9036875996645715,0.6377974792960126,1.8886625030221988,2.002369417742921,0.33556655274773506,0.3648351772706436,0.061303142519360726,0.20975403282810381,0.8376800000365655,0.00307556765760185,7.801283216268286,2.227408564716383,1.1318310082933234,3.330724477590903,3.9691215717235697,0.8239374110335591,2.3371866440746083,0.0
1091,15.364534851405164,80.08486398217562,4.706695446773466,0.20879542928736464,3.603410730289258,2.705837799320134,0.7395472162120986,26154.426135981914,3.0449730014792875,218.2445023934189,8.228390768324463,1.526339169072553,1.2322348951386615,3.2463494811528086,361.04825670560604,0.7533009383753877,3.9324444415246576,0.06631307303926647,17.837252570474185,50.35583969381325,2.0444582156003976,1.61010184027862,139.77906798976326,5.928447049308804,1.6511717282713883,0.7578027401809418,2.641411329591608,2.1050451857907486,3.8677774662098274,3.766026001222338,2.959950013101148,6.564878462418112,13.010259612432794,1.3045343757606052,2.4526381288958254,3.725889981785153,0.9072145609930767,4.958103817344149,0.8604940343981315,27.508813141089437,66.80717072975891,7.239933161979276,0.30083461108157056,3.666389632782628,1.609284571711002,28.802366408599088,1650.75599348712,0.7354857406202969,0.42026451514194163,6.249105417411588,2.2558377775702696,20.922679914025828,3.547741659270967,2.5169681153379067,1.29592021301348,0.46737823023167063,0.3626437325594182,4.776560299287176,0.01615451428590111,309.9005174762069,222.06160211737006,28.411745405200815,146.2499046383837,124.34271344747935,2.384077290027321,98.7634797931698,0.0
1092,229.21458615446147,81.44611157088158,13.16194384081156,3.9831882522883713,79.62138660662464,62.24055398557455,19.178590012375803,586.3515931553442,15992.84344007943,1598.3938167311862,312.9499799330719,11.500708467684358,12.197169705867323,23.513066943233525,28.3909351341375,6.84656911162793,38.72649021458443,0.5547708045184657,1570.0268657464428,209.35485218675703,53.74421228085771,47.56850684728412,230.80517793029222,151.90253376789303,21.04918701065987,14.08177392279381,46.10394278654917,30.42178235686414,20.527613563579244,26.49639092921379,31.198917468344657,61.58606104316619,99.84559838478278,12.269767971857092,21.724240484333933,31.834404846556993,8.565632537594094,69.23374458616053,13.044411080792988,397.37886538234653,440.06160566855647,379.53925317333227,8.601163444545124,31.664653524110605,22.134187923107625,7.753368272535057,581.5170337856239,4.4798422113662015,0.6468325518753816,22.252991876550137,9.51814342636967,45.5458949629145,19.31607267402894,6.581996407324407,12.314064848584499,1.2052297802608831,4.190089520183546,14.266671017171834,0.2450359570849033,283.69618976130477,109.82294671333696,24.965051788317595,88.22080648238317,90.84772709175961,8.232785940365352,94.82669166388351,0.0
1093,148.5108702433453,410.0912765857156,57.35439740417617,2.5115717078103468,13.191644337559959,11.307670557422028,3.5801653770381003,2949.585968858961,21.64605744012305,20750.023784112556,178.00043708061165,9.459359659150811,7.051168475394282,14.746461852255177,53.373073687707816,5.859174899407795,47.36975019695047,0.3665275747662056,126.39257266332268,139.0062151885505,17.855231244901884,16.67695886521409,112.6184556799977,27.212486553751766,10.036650976722793,4.34528257112201,12.419517986421376,8.801979333262937,7.532486082840268,13.887607162620528,12.04047108708486,23.114247769210774,40.92711882831968,5.0795596775679845,9.296757633894211,18.423214177925807,3.4021639620056368,12.796270399973006,3.8845869527941104,127.9975852414954,358.3608581562785,40.01728470314602,1.1665567069998162,7.148828016679753,4.957928275102146,21.03640014731259,1292.4543311371235,2.7065633943216327,0.5025753521124531,14.164910032916767,4.925063946837806,38.95289826439218,11.884780398457645,3.990312393896251,3.3061887122150386,0.8827635077263647,1.0792798513705215,7.158803532096413,0.03572922788550485,263.2537815969326,207.5859478320726,26.50238723613606,190.81089008021362,124.89466669202794,7.194730982629753,144.08304544745548,0.0
1100,18.910214224842473,6.286669144334539,1.1758441024729416,0.44776603895066436,12.421270672214277,8.297582255440014,2.31869347774832,230.88572194415178,4.571397871125314,58.580682028606965,18786.521518083617,2.4136038159074924,2.864714436519008,8.392699730656563,8.732163606166957,1.2805524029501834,7.014230313345633,0.17875582688829406,21.439358142376715,3.9162268185657405,4.568989916005108,2.923091991424268,9.066485520899233,17.2647873135242,3.726488261447817,1.9348061538134556,8.42316060870315,6.5746007971379425,6.374910932705593,12.469449884967812,9.793746476699834,28.902082134627882,45.948860059562406,4.005087392671185,9.520745999716691,9.570242825213018,4.201009431398323,15.650434865864991,2.5889186868103016,88.68383504130445,120.20940828303408,15.46373231294634,0.8669033674464321,17.649817773913984,5.161155552690476,104.72501286098252,8598.713005051193,2.241864302171822,1.9163811478631696,22.565629625219934,8.21662727467791,127.97158260179606,16.420193046662863,10.976323725941986,3.069678265627951,1.867424547206795,1.0551338843833151,16.349485360833178,0.0334124273863684,486.3525365285209,128.15289156781566,23.67024296409528,241.3576381080298,237.07674584736228,14.283758550147363,346.3634443620944,0.0
1200,0.06648593865323232,0.020036265884812707,0.003481892845756806,0.0009190380429625989,0.0183469347282497,0.03175827004124184,0.0067957583643003215,0.18996514117283944,0.012417147124963947,0.14704081100782967,0.028937921996076425,837.7627647460628,0.013434546841238026,0.039449152873206925,0.03414247041519166,0.007178174342233945,0.0648619768572788,0.001258824476426988,0.023745020424305707,0.009860716286734347,0.012950572268210036,0.006614627038783512,0.03969816551855741,0.04496395137443103,0.01842914432464424,0.00951307976473448,0.023388581011929758,0.024996744127942772,0.018835443200775886,0.05308581588696776,0.0412772480892256,0.12415078354385042,0.1390279778152379,0.017929155750703994,0.031898825297814376,0.04537231291053654,0.01605872896845127,0.02533771978686384,0.007057873620848602,0.2765877001504484,0.251483397487838,0.038854707327205786,0.0020396249923198906,0.0033860293387035696,0.009163908688152325,0.005002881006685815,0.10970841868566789,0.012237283358955985,0.0006248271122982416,0.030436611880836704,0.015106495874767333,0.04118580688736306,0.019896137428465167,0.006785662892454873,0.02433227556195164,0.0016181571335319206,0.003313595861983329,0.014509738397836694,5.0365656955645527e-05,0.09327832790555589,0.04618609170120261,0.023209130368175863,0.04753255889466266,0.08400718734730596,0.011466604185742595,0.03881468941663288,0.0
1300,30.852770703541946,2.4521246651810293,0.5550882942220425,1.927600034737598,6.411514649349044,2.0171747462028238,0.9081400848126521,18.299505427924096,8.864547335277651,34.71795511469046,5.024825356568503,1.443263812434124,1487.5078897599506,1024.113556036045,249.1115534597282,0.6993829268887577,7.277841499697395,0.09257718205877827,6.5640675203044925,2.617890887748932,1.8082956863054436,1.453529280766961,4.326318201317766,8.767624664763456,13.79798337268126,1.6598004286240335,2.6214671615062453,1.6219775652954371,3.406032644339236,3.6333504714372076,5.523659411111909,7.407576585661727,52.629738324117284,28.836721693705194,11.302511054139416,92.36967581452082,1.0330167158846844,6.00385865218602,2.4059968053899063,82.25640410610283,46.50107221530036,10.134490417944193,0.6963313848274714,2.2181956569769348,2.0524129676291443,11.818391979303989,24.630748151606664,0.5421969441801368,0.28678142024530456,4.780099558769634,1.4833813637591706,14.327688980932209,3.778782773951428,0.7320214816049547,2.1055148267293093,0.2977550420557855,0.34310023155602676,2.178307926168277,0.06454801771949131,33.985961310446875,25.165137528685072,2.7842082326650215,11.722007635442752,20.73394522384649,3.5240021037314824,64.20239420098667,0.0
1400,3.5136431230879,0.9376570342790421,0.7085776438156034,0.12253722429891,4.704897057542772,1.3900382854332416,0.367085572588163,7.946188262497188,1.0650581287072975,6.911355238671551,1.9946832854831296,0.4436577529545417,2.208114478091551,3583.880103208189,4.943698194476859,0.25109892956960705,1.3523012932784562,0.024132464092766464,3.8644454355639275,0.6595330637781277,0.7523561014913999,0.4395750269166385,1.1596484930985305,1.5859159263793878,0.6865589759317849,0.5624707322981476,1.7557530024950359,1.0348847396301497,2.297198910289566,2.009837737286739,1.5449114146663143,3.215986756123388,6.320921190776492,0.9664421350274597,1.3815544258507904,2.3942713626414864,0.37060256842656514,7.3732222843814075,4.062016588926991,16.46117010536203,36.7304468778211,7.241911221816349,0.44015835172878304,5.715718378925461,3.9281344240673417,3.9759394622749658,17.20494626808047,0.34656696948896587,0.6695389737673717,7.141909167075871,1.4118832707291527,36.594914487794426,5.520659907673636,0.6658760747337623,4.797317764053791,0.5684220001187585,0.17374392985409395,3.4865441066419387,0.192692233500803,59.13826931016301,57.07936674101485,2.8744946890429524,8.393607202553092,8.559227100212746,8.148987621615538,63.751762167992204,0.0
1500,1.4124987113202874,0.44043517830202383,0.06568206680984419,0.0681029034727104,0.4661775569124334,0.41384762821052007,0.11782385779097225,3.4481000444148737,0.2694239923862661,3.0397476882330507,0.6693988782736962,0.14418048670662598,0.39671275770465225,1.3721652496053431,2176.3591206224987,0.11353577629225824,2.1001383872358317,0.0172150455938975,2.1913223665384356,0.2962754612624763,0.33473302150276085,0.24113591138457002,0.9859617699501064,0.6815255591503516,0.5622628470590022,0.17199758002615753,0.46461331943563816,0.3427466561245123,0.9157531998685771,0.5561254230730036,0.5937639377936319,1.0708373556501771,3.995582639791821,0.517666375697193,0.5503961236511253,2.3262435755993534,0.1519727122855852,4.913501275417248,0.2077946058783675,6.331708851516609,4.810635659208171,1.2572543934539977,0.035150619283528556,0.14710592227237962,0.20564135621243398,0.1548305377675267,2.6486622981437673,0.1566748514918279,0.12374530657553325,0.6394353820387793,0.24444726130764557,1.0273619401778573,0.3517348796108981,0.10248178265498048,0.1626710420024764,0.09728845463183905,0.04825526629894922,0.30700015107498557,0.03714741103898165,3.7591984806608703,1.344536872145447,0.47122338295770005,1.1802052558283391,1.6889478397483833,0.20563488445018385,0.9716442256843107,0.0
1600,18.445319673087127,8.264207788193161,1.1047032744115315,0.1285109483529135,1.9095408380329857,2.236871892839061,0.5927816608137392,26.696395844673237,2.314138410642424,25.345046063990413,6.451168895366478,1.1726611834582452,1.5504206762601265,6.017758111163526,2.7131770534550204,522.126525773802,16.723120102238877,0.06229061656737975,2.621438252607438,1.6219581702075452,1.1779574228799592,0.8473651435669162,2.2963705081047903,1.9639124153315453,1.3876988305340934,0.9249525885292367,2.651573143839866,1.886541554361825,5.2909189129335585,2.8818303220365884,2.578653378257617,21.908782173712495,19.868967913973076,2.6186480681721873,22.139967035129857,274.9310586868234,1.0149516965845022,15.881561127320017,1.7576190087538184,305.3966457745392,101.86624272788232,3.0292723728315503,0.28615175137378557,0.37727477922911967,2.4864428837542856,0.6550433624446343,11.251861179775531,0.5991975213911361,0.5003005670117859,5.062457792008257,1.4496140240075337,5.363086067380366,23.193010307565615,0.7425826847149798,0.940118821388843,0.4118123870329472,0.4200003785631073,2.8368683899287617,0.005477994328471107,23.148902077375865,8.494908513473266,2.9232330496000305,12.274307071104419,34.474276265512444,1.8798106316833256,13.10373546308967,0.0
1700,26.806925129715466,9.443110656186018,1.6260050900039849,0.33179434460547175,6.49880254364024,7.531742798726822,1.823574884561734,177.2244180900734,5.037621445662754,148.1062177117555,18.38572521972252,30.423083886459388,13.333973823979605,25.20595109224268,38.63822659184871,10.219037448195943,1767.354284371576,2.575717391589918,10.93988444439799,4.939232951899697,3.548853337637086,2.961797535692504,59.91362164265124,38.96299773211873,21.349579445613642,12.28561245889554,5.90210247695411,3.731965925090895,19.440974898755726,47.13040709631923,17.862888768463645,22.104267179877144,49.65311717259438,11.474262980853183,10.077710608638231,44.997351917058154,2.58156255429571,9.677250789929987,3.2613084411746924,134.91047221794656,222.45187246083626,12.288423521400102,1.3589164885794727,2.0297832082083516,6.374364310928462,5.257431137672045,76.93238842309067,22.625384460216495,0.48974944572068824,13.544369173911184,11.23591313909109,48.754405316288455,16.820292276443528,9.282740951788119,6.247814422947928,1.6626701159823736,2.937841996531738,15.575090157336142,0.03688044847016141,73.64840206472805,48.752657085686955,20.841787618250695,23.537979103130386,48.68615306374204,5.277460222947794,32.85722286009593,0.0
1800,28.99149475885391,9.302285691189395,2.205344453409905,0.5551757467828158,12.298558473846276,11.632045274756647,3.0602153966319863,91.33366429454841,8.478795467756463,80.8830261961193,53.910451227041754,6.008313890296562,5.508199746359823,19.048080780131823,16.52661639613427,3.026698280266724,26.366001245109636,171.3537863914905,17.407994297562073,6.189156993752773,6.108702007148627,3.885620358860925,16.735219640369337,23.068850973911797,7.935055444088703,3.7933902020748196,11.905774517424685,8.545167536920111,8.678518655741419,67.15873607018472,17.519617447350633,32.44999681767765,75.2917696972647,7.0746208091284695,13.189910033617272,21.551411139105177,3.812851810063082,25.097821067926617,4.851343665266989,123.89983681806584,840.966493107908,22.863305138566627,1.3571575363797292,5.627255012203065,11.031191919443884,4.130873770851227,75.12658944725705,153.84342727834172,4.057513241713961,122.40999567342035,78.45379660102087,220.5234326155343,61.86936495171636,19.60437346151128,17.935698634339516,23.429250512663817,3.8043661649132052,48.11773422152148,0.06232416234359228,306.6417529570828,103.20487177655876,46.747899126813635,60.20318362208814,53.518069602822834,47.36143025737228,87.78995806280788,0.0
1991,317.87891887509454,65.75005352490221,16.72370918629139,6.2464574378374484,62.35298385896468,120.51256942223382,37.64379599903799,377.65252485571284,76.50362199251691,344.785744539893,59.506984704875165,15.987582749421698,18.34676748696259,34.847698466122445,36.80524549109319,9.313997407825862,58.604145933323096,0.6077957483862366,3472.264905668707,52.119528254114215,83.61477357719677,16.682931882287342,47.94753142317182,37.65255221690893,32.228297203360874,25.943037661799643,86.42869583689668,56.78531350982076,29.23526816379755,39.26890617527287,51.2789455398088,73.71082038672965,154.44084484599384,20.086756672984674,32.111256326843055,47.044668621815475,9.50259445692206,134.7566040713429,22.363319262745858,559.3415094407252,648.0620118266553,736.2997848187285,17.6295908015124,64.54749301881212,34.973819221605844,6.480963469979309,154.63934573769242,6.003405523685895,0.7723963232797035,26.456493933057082,12.686900026574783,53.47080791590696,22.970533411139073,7.586655192131646,11.362637383597951,1.290543246141783,5.421237457964614,14.231499937625431,0.19804951885502745,191.7486126894781,64.22602258958595,31.04009170037841,54.740250909702766,58.43427793105179,10.342704846833284,86.55135454542665,0.0
1992,26.896948958573265,6.78349726556532,1.3203714021397042,0.47787126016603054,10.954282043979426,8.3311874327368,2.581810170456733,38.646030573389154,12.589597153916165,52.61758589601578,9.899825775447965,1.3507130886906022,1.4966180157118971,2.8360260834763737,3.0350109126744247,0.8225167197286567,4.571072396606894,0.056259912971742675,225.05917052150357,837.4911631933413,7.262561532914892,3.064403735089734,31.770596058439093,21.13291743281105,2.582264645978728,1.8580890687553495,6.172122596605638,4.0334297572836135,2.6572073754601977,3.190118493412274,3.9393335489459007,6.0599223385424805,12.28351749191337,1.552125814982874,2.56734280188922,3.85244546367357,0.7957456313041852,9.553159887364572,1.7089520036885881,49.9014359084454,56.32523504785575,53.95409106615718,1.1962893309307305,4.369799339629176,3.0296297791371365,0.6124506314180279,21.986886283196004,0.5163691733184904,0.07027160509624733,2.6699879402957887,1.1776931537568835,5.261193547911747,2.080082501935849,0.8062398240599946,1.634004429513887,0.14071048522622903,0.5667143045711627,1.6256158180222768,0.03442793962284476,31.633607350929655,9.118618721427739,2.723820598874095,7.183685973834223,9.125701138117842,0.973489971051269,9.866705108088611,0.0
2091,1524.363622296845,119.94248811907434,16.118388391909654,5.144245245761217,80.75308433507706,23.99229042822857,10.206387414025402,413.59001377629755,166.25474426748886,559.879718887947,59.40807602164259,56.4481104022697,99.7936724470781,89.94377937158768,115.60828559747532,15.413470021497563,142.26999222075645,1.4584520191552026,155.95203839156164,128.70711641221976,1794.8642641920135,120.0538415342371,198.69222759880603,84.47129261038397,200.35543864193818,29.728529836109825,41.20527537639287,44.647923039452415,41.52845818615526,37.006269701087405,118.96172295403728,60.019863697622384,160.27874099293786,33.77906329818425,57.08460637542149,133.32913623646718,12.2742820881098,32.94122148836949,29.881703891593837,485.3255860874047,287.6557314854325,63.770288984615114,1.795929866503134,7.418344687427884,7.031585026247555,6.362334664591206,143.13549544048098,5.393582635717055,0.47085478852923557,17.236995652808886,6.523919618485254,25.402503345383742,30.090720245821338,4.390306764052216,4.63030291627793,0.8843882936636547,1.951927015587797,14.062479552725648,0.040542652852754546,99.81310025692596,46.223227556345265,14.782183235502867,66.79318373535868,103.53010745656826,7.972174179796579,55.03608033339068,0.0
2092,555.55036537022,49.398125465374015,3.8411130231390906,9.190187384403849,12.325346394241143,11.8871860322592,5.093406132641244,183.7768428003688,57.76211723449663,246.05900328373335,19.83868568174143,20.469026704163134,13.758866508305458,16.58217844916338,19.819073633340203,9.930721313309178,42.66751865281878,2.12965334212188,35.99331432155167,38.721184463856105,20.599132912809615,516.2315938227314,64.9748687215603,34.90893408823596,33.792089049018614,10.852589185688942,15.387827110370576,7.786900992508197,13.919308268703665,21.116623860774,15.547333029709424,22.680799089494865,57.81731357669308,7.211776886938931,15.296840731965776,37.76000598332946,8.373116724324559,11.763625843734912,9.868711947681842,465.5780984588475,157.86662011783392,18.190031517919287,0.7112176933741652,2.0486067121025875,3.4085591588332695,2.7056517462226832,56.459323686535306,6.394916969361241,0.5699398057227215,12.19473115511628,4.327898205539085,15.851256753290295,56.27309075900963,1.8511843735573292,2.1838583069916813,0.8254209565648822,0.8114813156568371,18.618145798600235,0.01573615935310222,58.328097021395024,30.919350307285626,7.167112338285461,46.38934462578914,24.44116255610513,3.8435822936853654,19.919416046642755,0.0
2093,47.85688892702376,6.197264225033482,0.6697736186196193,0.44168380505866595,5.7147975892916,6.00201937342323,1.5075027700579156,35.83958409959091,6.457621542580609,40.30331606142769,7.243929912101839,3.0476199130214634,3.5108920282972758,8.354353677647127,5.113588503469224,1.4035364345479233,9.630605161949953,0.2238732798092589,12.082119023444884,4.659449673038893,7.06131527672963,5.628523360978851,2519.538117688888,6.724459776113468,4.317872242103983,1.9006432750806224,4.466192592277671,3.986085802166425,11.248335122304061,7.970366578682696,5.590477424383949,11.580618601027087,17.859015128914287,2.6406845351048474,4.8091790747182745,7.50309781350352,1.447763825418768,5.190593455359906,2.5800097924721004,55.16286949749583,124.3837272848557,11.11608415310301,0.6306985929110286,0.9850138354209949,3.794130353768339,2.8263462874397733,18.984840525974334,2.421839296264866,0.33598207214387793,14.253347975027564,3.5708893771041925,13.754354810577246,4.66722717756184,3.464439674247324,3.224896556658145,0.8533278119062486,1.4150287723642248,24.46647639272096,0.011980389156719375,43.60715186996662,25.293135780985857,12.312222597030898,18.09586803371622,60.825109299824575,10.264041388456846,54.61805635051075,0.0
2100,35.14354303691074,77.591342754078,1.2806603685692715,0.11639546239972337,2.651755297061878,0.7824458985344124,0.19484450138341428,143.32536243386937,3.8703969447199875,30.50668422736452,1.7592928228697113,1.7501654408034344,0.9235628676770957,1.6549740207761507,2.9396574872953245,0.327130342958801,1.4439630026565295,0.025342709548163228,3.194208368028725,3.0010337174106567,2.245986741287058,2.361712810246384,4.05354213881794,3703.9955702205584,1.1144139197337792,0.29320969960256427,0.739932881439175,0.6199001139938103,0.6273617559211746,0.9951184776097003,1.0556848814039017,1.5584898067741073,3.2672526191084126,0.42936222785986317,0.6902990110591678,1.4394892635932304,0.20883604595406818,0.9985438396322623,0.31980737309562673,9.563002923872057,16.9277430276603,1.4918089256877338,0.06846616431737576,0.19484880258354742,0.5105578086357626,0.6996152204248575,17.062404704468452,0.18666293861316458,0.034715202277686645,1.8189970146752898,0.6445162688241698,2.3862704067602807,1.0837603938182543,0.37214079785654586,0.7855144471526181,0.1685750955959862,0.11647297658558711,1.059169113953515,0.0023303297320774272,23.636003111372002,24.56610884901269,8.895238928395784,215.81843609917837,403.2061529906242,1.1353649468869698,31.462132692715773,0.0
2200,78.13012929141493,22.939213054143156,4.567397578539391,2.180095771701718,18.62672122828143,31.058532716856273,6.375838089319343,308.10539460519175,20.32406805415209,450.65369695177645,163.53010160130196,5.226614667422437,11.97714073011663,32.953229322683406,58.826353969107004,7.573176961452796,39.26364355409426,3.265481479276657,27.84168674073573,13.291710066324569,25.57130741508035,12.126603948664586,105.97363088870861,38.62361283944034,1463.702763262922,21.10064126132659,28.457031487573285,12.825300468243244,24.830746262368063,83.11926837252301,95.4061066166867,125.44140922685355,588.0609088615383,58.58495749326803,79.98808153118685,148.29327352734055,21.101918895840452,28.22797001462183,16.35309949718676,933.4067630717989,454.9213340549075,141.19125711551933,1.7556916011643509,24.84065859576911,9.70640636764515,4.501477024164858,166.22007852749647,6.015739682477672,0.45850067948567186,21.292014191934967,8.687746057234484,29.625669997061006,22.289295525185164,8.004771801418624,4.54809525281401,1.0926246586098363,4.779418670360922,14.364634793305052,0.03221740682154903,104.17276985644007,45.118376806054414,15.322365023891278,67.52816209848069,76.48913174067108,7.237560706055574,45.74838038796745,0.0
2300,89.76236121278,33.25379495763348,3.002766422580912,0.8294444935671204,9.343859836629738,8.878457986914126,2.58897220179799,82.00883341181189,12.91729576230701,95.36779214873482,61.91563230069071,3.7583347641124165,3.090738237034657,7.167679637320925,4.868086201031793,1.104810590381162,9.131484854052554,0.13920553528652205,15.020154164700386,7.114732041895722,8.683577927782721,3.171547241630876,18.164805765647706,6.106754236537544,7.079364926381446,624.1610731009936,11.951917347131184,9.70041665760517,5.460039980847157,4.8161254765461265,15.141883442827861,20.209780174139777,112.03945953539433,4.065823629050309,13.994096674926464,25.319034579099092,3.7634582431652266,60.70512561797095,30.944501900013996,2958.748065920968,65.55739787623624,7.748633464686942,0.4907695051727887,1.075490407451835,4.476809923673032,7.438525152745819,77.66632661374818,0.9199566373422854,0.20389185487657718,23.049583564794304,4.637616741173139,15.517654962601359,128.01676202350703,1.5940455764779167,2.4872495011224753,0.27140763846726224,0.5717483466655984,7.99211980840877,0.011203916201657615,121.28266838174513,26.206815165650017,7.7968411126180275,38.474197731735735,21.043797912504555,3.8175583264057056,26.432495856920024,0.0
2491,16.108952323701864,7.775545477242537,1.2118594835493561,0.7930133006666691,30.382655731823462,13.345017582379617,6.224010939472728,51.19323263982217,3.5718808414684315,32.730989282789146,24.64412892761049,1.1790527239592206,1.6007537680983905,4.363465223938445,3.6169976371152295,1.4264551988416625,7.564726851888232,0.1663829553924945,22.335968289623764,2.7658850490194142,3.3506646494743957,2.0699855334476784,9.257852403093855,4.300475448715584,7.576356751283138,5.197532828244151,1644.454344373037,18.059167857487378,180.08681344737911,13.709227703092234,79.73448148843445,266.49062997616585,327.5040305459542,69.30541822643028,71.3992317882183,45.4983089243,18.658786608914053,22.655391601873017,6.945185125039195,732.5278404828525,98.64419445548714,18.493913007638266,1.1514260692920542,1.4269905869319834,3.4857503104372145,1.3436416032998628,27.765206373513394,1.1626977919973152,0.13502319122106132,9.956823766645423,3.24466733512448,8.629237157731096,8.159714203525837,1.3321043060797908,1.8273876166006215,0.2156564384255394,1.978067927702121,4.302051124929418,0.018492876941163264,50.259654903434175,11.18762871553111,4.995874982813573,15.851573059234436,13.126492270554781,3.2954871722798504,9.907542760788257,0.0
2492,14.02010785106722,2.9281731437127725,0.5101358499726942,0.2961770853475471,6.237328303170871,5.1859834464706305,4.203065340337188,30.231298093100616,2.6233032177311713,27.998826285175646,7.015180127164031,0.9363098344416846,1.4152503593031212,3.6644298608949017,2.896155044120379,0.7589357206432759,9.536260857067251,0.568939147015495,6.15082936328597,2.042176786133392,6.345265089281819,2.8174789963857543,5.048850041398557,3.373108907104203,2.8558256847323955,1.851565410149735,32.632923636118,1366.267698300668,33.60429683272154,14.286165710732766,163.60515765442554,78.05101641883773,109.07792124130236,52.277292620994345,47.7937325470534,66.02725874722341,17.13835998826554,14.818941171987559,4.097034381467537,177.32898776099753,72.47310719873713,11.750703543528461,0.7796520198644867,0.7422660133048705,2.3321406313799278,0.8755455011722338,13.52454326190398,1.3231069561012179,0.11466797597190198,6.665739921564589,2.2806273532439283,6.888136112956729,6.107910790479034,1.3145620971059546,1.0617768404100356,0.23518926486224204,0.5581344825249861,2.727577079544689,0.010304202425197825,23.92163542801329,6.7477109665207475,4.333703158269559,9.367600491271174,15.066735306734245,3.3154100164565454,8.423766527649612,0.0
2500,32.98318473995621,14.102981521793948,2.465430373711582,0.9520890831989397,35.08547482893656,32.77954382661595,10.222039390425742,154.94896864429828,7.426254217443618,109.11350852716035,131.0501973008795,2.6078656466757977,3.5839419364426828,9.035812563985862,8.226871289279897,4.999880275323011,10.351003103851736,0.29879074848046056,32.49011162441884,6.027915393294825,7.685472131284134,7.789058509593165,41.15716257236408,10.48936689670008,5.693819266912816,3.744957209247682,65.88941321352965,15.805624045535623,1378.7874835843159,43.06809433589117,74.18446121165837,221.87497800481088,198.90403919854006,31.470350533946075,136.1099976904346,49.13893058140462,32.90668775798519,63.714371375621965,15.506293211598118,1037.095166039053,111.32207876963389,18.338817840690332,1.7045357680890854,1.99327578027689,4.977875237376609,3.426677242849268,107.70532760904246,1.7787302137769296,0.22842364613887287,14.481538109093748,4.561424357451236,13.280821164403338,18.978819677105093,1.8477918375669262,2.3685150011281206,0.3360060321319194,0.9508088210913656,8.529690092157995,0.058418535656611086,94.17565930323717,18.855361599682944,6.9139799965338575,31.232740572257725,20.882455985494317,4.242961543320016,20.50967285721227,0.0
2600,8.384110536793445,2.381230053824478,0.5472216490748186,0.34584988434251057,15.073949940223786,10.068503013635496,2.7278850022649466,20.92096779694005,2.7378762383981776,17.023993574367836,5.994034448568529,1.1981758775203772,1.3050560505013984,4.096810636916941,3.196529220121097,0.8348498195803613,4.905415497419247,1.2117662723521458,11.932916506945771,2.042282381596152,2.281444301074275,1.1086379373680475,3.629926872532032,5.631147972384677,2.07564458159652,1.5033192914886877,8.2117794214179,4.477321224914369,3.344451067773745,8687.498967954,31.56058638234568,69.70108971508836,47.36916360912068,5.768476342854769,12.828176237999193,8.688096542905944,15.383230632163492,22.573544546240974,2.9643906755245752,107.81517158241344,74.80336017034442,9.450339866020032,1.278045801451086,1.6637279608453435,7.737825460889121,0.9767293545970703,11.63906158755424,2.721993209522226,1.206297780580397,24.215203262226655,80.30434151964675,40.67076626271658,7.904804091745773,5.29046604725801,23.897606709125604,1.5479186251286683,1.1713246427442747,19.94404174432486,0.08350567193998808,99.33976908821951,54.25368956063712,13.73447188560693,24.169607194508192,22.48618765968949,4.719515534714204,41.61683658679525,0.0
2700,21.460045793472727,7.717642418183892,1.353488316464137,0.7512984213636379,14.19858802665217,13.287314742973585,4.238762096915376,40.24629866933979,5.198332761062654,33.427051513249495,9.657214024625274,1.768028902836904,3.8454863483341475,6.631190718644866,5.162507763977846,2.0759360716040254,9.84208774323719,0.2775216404843382,13.001291450224855,3.745142024381483,5.583446164517417,1.9053097384320012,5.8773641211921515,6.289462656221231,4.967602211790958,3.993873695716581,15.90642932539758,14.362616969007924,7.779289343965681,103.0818015701304,3079.6269532767565,148.01209592275023,107.71309826460683,19.3162665596775,35.1560263442889,20.828970501225918,33.561323757672284,172.94535224459574,10.291864522818981,554.2439068963573,123.48967953437099,27.105895261644605,1.8428736629438287,1.5856821811385156,6.128672581255196,2.8219915288177484,21.653795391673015,1.9901862932744636,0.4264963909568887,44.359485630362876,6.058517185311261,18.017380609874024,29.524510697019196,6.058097210708024,3.356856989705126,0.5482722701416697,1.0669044288379617,13.480090425295673,0.02172822035034927,63.71299363709293,18.66213910631209,9.463513086124623,19.98770352614609,16.00547673226481,6.524827901235213,46.637945981990946,0.0
2800,13.02613606516182,3.748266498181309,1.0064993414116052,1.5348845001093037,57.875577825039386,92.39342906431672,25.99653911024779,30.450720803771592,4.4481904205259815,23.997538392620356,10.647212631887914,1.1681232099634982,1.7526159793672502,4.680498761966006,3.8930679335135303,2.1757575104432907,9.625458576134124,0.363299577655079,42.28867075243081,3.7476846654573523,3.9844088129422173,1.6642113950118378,5.577443941236283,5.990590915278869,3.6056618749002243,3.218670434498073,28.479573264209623,15.275158998120391,10.816458943144092,12.519848174774394,28.124168924200536,5403.213882031602,139.06561779905252,9.82283004821149,37.920769002813216,11.129451028300972,67.91761170124776,17.640754959462374,5.235074607275228,268.9919722478893,86.02490460928557,20.87068241029738,4.2755681175110825,2.8145951804038103,7.547899510570784,0.9662692201649191,16.69030762614365,2.5002066365729756,0.16243444189357426,11.547446191181045,4.822575212691312,11.066282636268342,5.565976824427373,1.6493947086867606,2.292666099853306,0.28789969874004673,1.192450760427349,17.482767917982116,0.023230475589569463,42.92852537241014,11.543437567533356,4.173692426842877,23.020378161890363,11.73604279504721,3.6095137699670725,11.450520903240763,0.0
2991,0.7181423518051884,0.20725314241303502,0.038652299821853586,0.012973265554575753,0.23135458085120872,0.2899475104048602,0.08161800542294075,1.6285034493038462,0.4570755001986315,1.3773047151230242,0.30308803925848726,0.07068772006679991,0.10559073980387192,0.31983037276250853,0.23443834769176558,0.05030599703395791,0.25150739818836326,0.005772288703115852,0.32648658453736895,0.12277240316250343,0.13956950526778614,0.10162352142986823,0.22882523299056096,0.27204104594411704,0.13449241182838095,0.07605616168779482,0.3130323500402699,0.2438388526173971,0.17935553184616962,0.6221546872335909,0.9740777973417353,1.4187475629278632,1431.8951805819904,0.7225574959735075,1.55153737312507,0.37258898982490257,0.26399281704366195,0.673625815883956,0.08625718597830039,3.975140306643934,5.1556756382217435,2.3373376205169714,0.023179029609548887,0.0351870825265823,0.097180835514963,0.0357798865210204,0.9348175305019912,0.059781186105499255,0.0054986822866675954,0.3128515549940052,0.09719684743150789,0.2604901644283151,0.20869593127046535,0.04552110871689781,0.1433278260349545,0.011498943708334113,0.027281194361076927,0.1110506556688306,0.00042309601792125034,1.3315764456557069,0.4321924513173853,0.14766436882380116,0.467397365443304,0.6506667778301128,0.068921039539721,0.38080679722490807,0.0
2992,13.789476980293744,4.114201661080591,0.8564748024750165,0.3088633310065574,5.633121253994508,5.858229228024621,1.6796462951539286,36.92900619461211,4.630887224215352,33.868927150758886,8.478209667475777,1.2621317399130194,2.375954260343676,6.119288640518753,5.268958343419939,1.0650181479471248,5.033140448423158,0.10956774147558161,7.916780735157023,3.0075483216825867,3.099496754096871,1.4246350926236104,5.177054868657761,5.3327974339857445,3.0207037519351516,1.8460195201992347,8.02881250536206,4.265365669897107,5.222009118824964,9.304305776819145,10.029141568993865,21.216989776133378,1118.5148162407274,817.3602293113789,10.64425218267789,7.388806304272266,3.05117377886295,8.254934992235118,1.6045763490171896,73.66497081441608,297.02814784955365,103.60858643244775,0.47981922503066704,0.963277272100886,2.567776028794378,0.8092451806177345,20.458557876920796,1.11096879560701,0.1102749327785229,4.832553676309626,1.8124092970900605,5.83066970093367,3.5121374604773132,0.8548760157129569,1.6229659814411341,0.20787687371715102,1.2300214832148837,1.8217134097895042,0.009207566131617948,51.58251841451624,16.528123675700304,3.768844944941922,11.887294054841746,10.940240795392722,1.5713443540872345,7.974024722761758,0.0
3000,2.8849998463056825,0.8397870434447108,0.22221341832676889,0.13729134617740324,2.6526466053871407,2.534103262881673,0.8862403768873189,8.593330175877474,1.2314986250400801,7.56539067499535,2.8486392825668885,0.27760387748914167,0.4192674303748129,1.3025333365086624,1.0343859883962816,0.37008438750364836,1.9775799268136225,0.06529612460345109,2.84408134523148,0.9196242054528726,0.8243142528421751,0.38523554529395176,1.430950496137727,1.5530886850200358,0.6581042931225989,0.5878645347904747,4.5041985642711335,1.7104970954892762,2.164675427231339,1.8046338579821999,2.441582156590561,7.900778948778644,12.43156324349586,1.4701268430487662,2621.4893324311543,2.2587674942204248,11.555584289741377,2.616265141250848,0.7303148905415077,24.01450995179801,19.332801778820482,23.167639054088884,0.540311397330675,0.41436437924664493,1.2813174304299908,0.18700126710108683,4.648704236006233,0.5059323138371895,0.033184835794947416,1.3317889549102422,0.7872157047262639,1.7963200750111492,0.9425532086816601,0.311704484238696,0.4326190270457154,0.058889037470745045,0.22476622708280292,0.6631938990202677,0.004423362951541594,29.569437503925354,2.108891417902257,0.9622296681238304,3.2047383598668513,3.3046056866289786,0.7373434786937707,3.5733235022835914,0.0
3180,7.0797858818394985,2.045152237908534,0.5973006478637393,0.22849422525040933,4.68488546596021,3.869144272859715,1.0223489265364696,15.214709772763278,1.7666002721140068,15.723534138210539,6.175945454402954,0.6269241138064171,2.1939573614155594,55.06838567919825,13.235820251246066,1.1284241065753136,3.0024479145262264,0.1007859012631611,4.895397232125136,1.1261377374038695,2.4956352048633037,1.255407907929378,3.854573399390601,4.705147993465643,3.56155113494792,1.6852995615090163,3.384995144261365,2.007762719810038,2.804681808246836,5.82665926738328,5.086882488024101,28.42474218133144,37.941861959819015,9.656113631757481,6.139703130137878,4097.218889867421,3.0402186320141364,5.465082369559501,2.0127542156510154,86.23888044198898,40.49137376005352,6.109628532122105,1.765972184520922,0.9075001550220586,3.564611338526242,0.7392543026192265,9.097798979448694,0.6255687404983459,0.2513325156464777,4.096559009433314,3.110329925084052,10.650070670012532,7.725836477439322,2.1440810351790245,6.0315844949249415,0.6754036334812854,3.35363508807889,3.077968220040942,0.018635792819016034,63.57815938881626,45.53237574081536,3.519860905934855,100.07284179372006,444.3362886194225,6.406328432816934,9.089689896456031,0.0
3300,30.620930792514752,7.505189478314973,3.098068714276998,3.701792731755745,57.101077537267074,42.144367219178626,19.817081659631686,80.71194832969569,17.58517342745421,56.82811096786292,21.278341552789925,3.218041313490786,5.338882825517608,16.406349731503195,12.362433152349178,7.484330032483298,51.419362784087255,2.2101215414517568,53.36114413452173,16.912986000472838,12.92971786309555,5.427254696592295,13.520596089368183,24.048182774763593,8.600122212869206,14.935111593410534,121.06742531710537,44.17967355297963,24.925569780682387,13.787855057950747,29.10749907924481,74.831180099651,68.59457705022098,15.199993488918025,39.72045792864827,35.78491505145862,619.5565978688853,43.02383697134357,17.414294030981964,260.73779375610184,197.79357235131238,33.53345448060911,19.998752616864905,12.462432804321281,33.57088996249615,1.775732337573277,38.480278321716334,15.192066332089068,0.6248432741319564,24.042596695333998,20.583282403890465,29.813119260056006,13.448786125447226,6.773536512503172,4.589223592628525,1.1829226042523762,6.492490544030924,11.710451776639323,0.11373880428643024,105.66071719666375,24.12904844518784,9.954261077371044,65.79485111366063,38.507406045140264,17.68511176483878,35.67375965177715,0.0
3500,1693.3060060429302,539.7240953632812,89.85107825690952,32.76421751160196,132.6008003037478,385.9745951591078,115.08822975623102,1930.3318258526756,211.18263730696884,1595.2768802461362,303.6590793405339,99.39476398717318,248.69813128028935,304.067218074861,227.35215229925933,107.1728499821393,439.57472526807067,5.1317373965285995,201.20420506594465,163.03139797508726,342.6963475417728,77.36913902328612,189.01617280721788,179.84126441650366,232.40825616251,208.3131162280234,595.0642822999695,567.516287580941,234.2535310851718,181.99692734734072,322.2816397125339,483.30155283398545,843.9170558928138,199.07411493164972,230.13945449978482,326.43445910548684,57.27152845563282,25303.608890949774,362.5833360675376,2262.9507515274704,4223.992882238763,276.5347761854472,15.257739033687255,28.6133284159117,129.7728589713627,175.8545751636136,939.9803456656073,48.12898239798473,9.57049870357674,517.6532967422487,145.22204082993304,622.3495340797006,252.531443664757,72.39439415920064,51.74035041345729,12.000967736912592,16.854735051268893,448.5288687374531,0.586970818456256,2556.0476574368104,811.5496018621917,627.7551316182646,715.5195991794994,692.3434912724416,229.93197824365416,974.5106450103503,0.0
3680,289.4885695507618,59.6078427172772,10.940461701488545,8.059029694649638,102.29004770509097,195.43135474394614,54.08085400524603,526.2127747866299,85.98984887152488,543.7895309495119,363.42348761386677,25.821345061287488,47.19887717506025,98.2933797949599,79.28313188290873,65.58520783286782,175.26629857464454,2.2371863494265227,243.9793422128303,53.33988892534434,137.0955225216986,75.70494347179802,153.481636687167,127.65231953227286,108.06180227711317,73.55972611890574,1088.5750185602305,710.634044884423,202.99245047672198,123.99832399189887,230.6981448440677,405.0918908081445,660.5068423119245,147.34535445102696,198.052403708224,215.35019847655164,43.22506622756805,141.04154082896582,20572.273888585823,1591.975871592692,2963.770189242353,218.6875655372148,14.159936979978948,29.322215531806982,205.44871241042463,132.60151673325655,1093.9077726716255,31.838456064475885,5.712716170018034,270.8403455165095,119.70621056707435,552.1732847151445,356.1266918433475,86.53464707554478,39.7071765556921,7.564456177455161,14.709513623785595,785.9402719888865,0.5517991082463984,8501.064382219074,1306.4528601944367,261.82898289345667,1620.9808693559485,1672.3613915280482,100.82357149253026,1371.784727582849,0.0
4180,17.830183014451446,7.315642686556675,1.2771761275131233,0.3890771357678384,53.95819297174345,70.25611558500512,15.117320134656973,38.30749599765066,5.698458689646614,30.974868975775337,9.827362314969951,1.889970998717305,2.6720149512543228,6.445479936233574,4.622971853196921,1.17162269807266,7.135238417080514,0.21422748025953373,38.89840085666116,4.351246401465739,4.969930585114803,1.9971534347993063,5.478186095446374,7.417438881172703,3.1024369233381637,2.1789870740998696,20.36143692438856,64.95466830615837,7.419422598985278,13.87268918288967,14.810314873095654,21.79982190877281,47.99931386900557,6.498743730713339,21.08872354007288,10.50115767728836,2.4023350404429524,12.50789725297158,108.7702020645789,35913.30487144516,156.62602009695598,22.985856368002914,1.8085587368496105,3.885430201931689,32.59361853015241,9.864556637030596,46.14302329317695,2.164563032362259,1.1639925072164248,228.7211263156158,35.95150146350178,102.45754511929589,107.30362342722322,6.374088678742176,20.08622627520391,1.2519732723483126,2.9074458729813384,49.13664889842992,0.041864965673090164,913.8881832843151,107.46561012485408,34.19462681853015,259.95882983407205,25.409765917539925,11.238388495022871,48.36527605493375,0.0
4580,353.1472851407891,108.34762766251755,18.486714122721633,4.515265430042037,67.69616532418324,83.64979345236064,25.27304334155478,852.7572003967016,60.6880281633596,647.8114155813843,119.91758825930765,35.89914454931746,56.30472464374487,186.52906791369827,125.90217701445904,23.11802447434399,120.04959826754536,2.948379540017671,124.84097350815286,51.06464350915013,61.63929746452309,31.884371749999758,102.6462799241063,112.10383089502383,68.17186888115323,32.659227505402264,114.847288454074,114.65750147946282,73.99135343433194,216.19688982651735,160.77809403222358,343.0299665405976,564.8434020393046,69.05942766441215,133.78468416202773,184.31729637763058,45.076732660692,93.24210799872478,30.735594576131955,1240.3193707389885,17185.607274665796,213.0925281975244,8.047201664440433,16.920760084624916,26.34880545171752,15.042748169582767,520.3303499784104,32.44762962583901,2.4883951550419847,123.78461112635303,45.27331232631314,113.2831144493446,69.74094479891752,15.609877372088711,21.065380941958363,6.324817398661649,10.3860426402932,37.199852035601246,0.1987447502041558,350.1128674593932,180.71471958354005,58.95817503152153,235.15223168676243,414.80517396544013,23.056816667159875,143.89189235851083,0.0
4900,107.84740356462146,30.01932281551805,7.835851258561168,2.548039834618462,47.79798333671185,46.09580734622877,13.18984822667572,315.5329372692021,51.03027588085959,328.52298979278316,63.30681019904771,9.164722268871323,14.591535772546333,37.517401020652805,36.86244087741751,8.940666393329188,41.669727233887755,0.6096635032394954,75.30821349363993,31.208459101584765,27.109000760980937,10.56107187648719,39.87503172772882,48.80306925026104,19.900517636557936,12.19746495404067,67.74631106903733,26.824674162931057,29.712798761078282,46.42248155646862,37.619437931886736,73.34354285917608,148.76256799086767,18.111487460179745,30.377468775858514,43.737136798748324,7.214155464362908,51.424081846326324,7.692660042232086,278.2771382498815,518.2319845878558,1693.1389601861592,3.4896192484763127,6.103390349293651,28.024082317589187,4.968517098219427,146.40896062065988,7.4541323708085425,0.7762353208511629,21.378321736362004,10.216444265082629,42.02379482149798,16.13220741619205,5.322095020961819,8.951308508858789,1.1750977807328373,2.5571163459626622,8.513227004828824,0.05766706700950843,138.10422661561614,66.1482794301862,29.296955938562757,57.29086853716818,48.54372953672272,7.684037029503763,63.275113908320776,0.0
5000,48.346948576432396,9.965712335209425,1.8604095588844505,0.7041028202309859,243.2459095907616,11.649613019787074,5.299856576070582,207.18891034503986,15.795064901970388,101.00533108136524,10.604051702859275,3.944723325484708,4.633818221729484,9.386395690879443,10.733053543609008,8.025550142135657,91.53135914261723,0.36092661078838967,216.1460594803055,8.178589275076105,28.929851959533988,4.013094254899279,16.550576133632337,8.24892232664711,8.29616934110822,5.7396960031597395,34.33014072070411,18.677539392136417,9.746133588614772,14.095627570413953,14.483905872284206,42.293207144353346,59.56421992907596,7.750124233036432,26.76184235645591,14.45810966765059,2.685107591856799,24.25992291151152,3.4754540329234223,104.20307294780703,183.51527451531908,78.81740525501266,1109.123220856945,5.423470820575178,6.363850215356253,1.6778693154263655,44.182736322432085,2.2814832276985824,0.18316487588453867,7.382444867146073,3.988589565272124,12.769058249074236,5.859346323014193,1.8284342139809586,1.90532754600037,0.35357779183588367,0.8541818685839457,9.995473466948798,0.02265368913406425,38.38043190591112,14.950150827351552,7.127065005222594,13.033045654412975,15.108046540997101,3.2148169435672913,15.175490503568994,0.0
5100,17.4090378069485,4.04555703197798,0.9579867082387357,0.34516871399118426,47.64722692166995,6.980767064852411,2.6402181431507943,43.52572442965017,4.4147598532071335,35.22538063086122,8.710619650985409,3.2634582640569554,2.6119405923361487,7.084761329478695,6.893206714290331,1.6715607480741912,7.982195052497546,0.1622080908083393,34.31171621850086,2.986819319258144,5.956828486878202,3.8809104219536428,5.386832168565915,11.84099224774286,3.2672355473323065,2.4447734432073562,7.5951887103675455,4.357886218697985,4.058251388919087,20.878313606744236,11.592763998928103,20.112900554305284,34.28468318068823,3.461083601547218,7.535427963904223,7.658970618470155,2.2370680120683604,24.494705953108312,3.1426213971494565,123.02452126887071,184.99925876626185,17.627531700898384,2.7038873906532,1014.5312404778414,15.723662631002366,3.00869152936303,20.547343735576963,2.1213482734942004,0.7961182646275621,24.523099199271893,25.953249314794647,110.52323635688738,14.543352192786417,10.447903417723007,8.50564692806556,2.07617645133996,1.5216190329497687,8.07992749911712,0.040905499413200604,120.42806177444255,30.260898773897132,111.57877063938643,43.78727604125249,18.430118649874853,6.856851135108676,427.98155224968656,0.0
5280,53.812398044838375,11.371964249841573,5.586844761355325,0.7473756993681961,67.04883071211755,74.4667532738056,14.179855869651139,173.27135526357495,47.69211410382938,158.5696228996458,60.6955567379233,4.943860947267575,6.673430986713418,15.469287918032082,16.408955250466157,4.855175247963522,34.61146747599958,0.5693659642666601,70.01072343261261,22.422643435112928,14.22885167385495,7.405663996945311,22.8183902722571,28.606926904189514,7.9295529550433415,4.819203641803366,53.32344121518556,13.419361946016709,20.691775329086425,38.19029148964049,33.61635871029425,39.48315036362107,178.82091990443757,12.664431115462413,32.38614375178757,24.658434900177305,5.336044653114453,26.901382439088927,3.7329711616360806,145.1120439095254,449.63220532394837,108.15039486106105,33.64338476397768,46.643029401508706,1238.346114113121,3.0448802346788786,74.64068151325503,4.149668226468176,0.4664032281660149,27.548809689002564,8.616657985776023,115.59525601284933,20.03223166027219,5.714300788266193,5.555926515117508,1.062614382062356,2.276210547406007,10.396748074654347,0.057111205189350325,183.58474450153227,30.482954078274346,26.63401607243496,38.18468873289003,35.70740358049514,5.273589869985334,79.29276631576705,0.0
5500,28.53442671318533,7.789727101871909,1.7536494650451135,0.7724410720751403,27.049394465520503,18.667405686273124,4.825431172788248,97.7815905853325,9.786665710431064,78.79102732644124,18.74065481785295,7.702682694686475,5.304097525861517,14.864181113160283,13.562259967648124,2.0895223538163794,15.575065287768924,0.3029182222810678,26.246518085625382,6.1738153595696605,9.04606114391726,6.1776506808597516,14.062882653283465,36.27859522277105,8.428339116294204,4.342300801887024,21.859124516382415,11.492370258693802,14.963166424584173,38.19758794588153,24.397518819826814,64.16384729666268,64.54900672289487,8.924872377231736,22.841581423208222,27.61680096147841,5.968643122905792,32.674679853741615,5.021261595908968,291.5245641027141,431.7914485799682,28.149083813226547,1.6611695470029106,7.521748425227589,17.698502995306914,3206.857341447089,41.63965623374933,10.507128223198585,1.9122781115737328,44.2624468054141,52.50522241136162,139.16991928352715,25.507353082941393,11.226059069437193,20.06292307585036,2.716545681209457,5.225016466363516,12.213982447533086,0.1252605105823198,787.0952821100392,105.4761796393337,64.16806197844427,149.40002743135767,40.0921799847314,22.482268442332185,937.2314415776907,0.0
5600,4.955969035098124,1.3276848509241934,0.3259073845706014,0.12827879946389825,5.98023280995174,2.5458619806924925,0.7058427577742571,10.463587780617885,1.4452084615872443,11.86444839844753,3.026192728349804,0.7809989825516163,0.757369618057608,1.950354396989283,1.54582363508547,0.3109892130698221,1.9158769899005295,0.05948796374012503,5.453044943241695,0.9819876801692782,1.5594046004782895,1.0681749578397282,1.8605599822312586,8.774975416541906,0.9971535326192534,0.5434619175497456,2.2659224422729634,2.032093895161615,1.398766964757842,3.4729199227228262,2.3131452421632233,5.9930147746589455,18.08171174475874,0.960973794315435,1.6837249290832144,2.01785226779624,1.0427053233063996,7.494684833620827,0.8360682977487993,16.685401016099057,46.32601384094591,3.9053216950672844,0.35066805771202014,12.000080881368758,2.3676512917380905,3.7944047985965925,6470.184191059007,0.6930899153859552,1.2949674005919587,12.211255892818734,3.5808652524416518,64.00292138586838,7.789338112907986,7.207079906993709,1.1089077456398375,1.1605657168291177,0.37066614471712916,10.52596970782153,0.013971673074916273,305.0383560039575,58.362003176007505,10.817949754521797,157.4885599215299,108.87775889375595,2.819533097323027,230.42004440736758,0.0
5800,20.51230199126341,5.582369360901788,1.2935285739458697,0.36658196519855557,8.966290032754294,6.993174038429574,1.5463212175455407,48.61251213567665,5.34960383995223,44.96699186869069,27.817245492982355,3.9559344158979273,2.633115488544694,8.592159227726924,10.224157587325076,1.0801705367970107,8.00843938865796,0.4176098976380195,11.852656903252798,3.6636086131492607,10.129798176841474,2.5549431197391708,11.668947147287767,17.017703488457215,4.11782625158088,1.9543892422652946,6.788840455421643,4.447820424908097,4.392285199152786,17.87166925621317,9.511658311503172,15.020105762778465,49.6900971587099,3.293267432389213,7.099101998582779,8.929222395547168,2.4814897247525805,29.982820184347084,3.4775820867997225,64.35202340952772,206.1603809071476,12.716939348968474,0.9056284757730609,2.365044154605801,6.400320183853256,8.193685870704421,34.33568614904491,3260.4817576770047,1.1291188817513669,50.96131731172834,12.81539440545999,278.93639608905534,37.28650590137755,18.879159050881587,14.58886557788202,26.704312213225126,2.7733244553352274,8.602442286149271,0.05205877948433454,254.35010918395994,621.2299389426913,370.3705984688911,29.363618119062398,52.43231973205832,12.35526063376992,60.80202482556963,0.0
5980,94.90986662524926,45.754212205882425,11.139194426695521,2.3158739321866073,60.89044616792612,36.50275540365279,8.369557942383675,454.67180446389415,32.4493505172867,433.1537517225581,380.86741909723725,38.23474602019307,16.87545326487988,79.96407245654778,118.46623203624254,7.167467571898614,61.64123465950133,1.2242964904328497,76.90204915180176,22.61988793379723,21.072907534986552,17.608277147675896,129.785859467041,199.9683730065135,27.31999254031595,13.74394751469166,42.82134991537515,25.68961323054796,36.04047123697269,190.6638593480142,83.60620875844569,115.95123264913413,588.4081306096095,23.370683351257593,63.05738311742765,78.42654461120199,12.851479459210259,202.78342820192242,21.531686249309736,512.1714917321962,1703.0340842230003,83.23676331336227,5.868929253185523,19.680967640845587,53.30871000530364,24.91941146465216,360.33626455650136,67.20373683110806,701.5783934019262,1147.9052698829842,123.29304283078574,819.9877987486751,161.88634487511507,86.42020197966526,28.023359208418356,436.5554583952977,22.216036791336734,60.709112342906515,0.4085410897378496,766.8828975173012,163.79136180568418,296.0620598405668,208.61375887711966,131.96215782067785,163.53663762188427,248.717536481294,0.0
6100,37.09718262127898,10.961160910616742,2.4773695781427025,1.0028036595881933,34.002717526173065,18.886839657498353,4.701071784845724,132.22409641464625,17.70894936256075,140.5732852192838,41.090763786535916,6.251306529253016,11.241073534937005,56.55900270178143,25.930214669602595,4.149105874483223,26.00147231820053,1.5424069029304541,40.293625207297126,12.406451294073886,11.204343385675024,6.816659845707361,15.798854445973,31.827785117707844,11.750246930123895,8.29814799184746,19.321353921175564,11.909455702305408,17.093182109751552,78.46074757665014,36.984958015525194,59.16888770097749,180.77795603714864,29.98620215197436,30.505919052427004,44.735917810424,6.227510023230377,38.55675085164815,10.051547581955477,218.07281878334652,543.9651173299252,47.338313046746784,2.7194562990425837,6.071127936209126,26.58468506856163,11.140953578874136,99.5337289825315,10.529375954451941,2.273249717602186,7554.08374643503,60.268285910352745,389.4107084741994,69.3566103849373,30.989599529848352,13.975973030005218,9.299637706258018,3.1993835002312125,31.83654135328782,0.27675528638401353,563.5120069521913,113.35132115894302,92.0798786243741,76.3652318587106,106.5503284174074,21.454296731079513,123.96925642922237,0.0
6280,49.420234909710466,14.331496517829198,3.0603558766835826,0.9746823758575868,23.877926496560256,31.824981342483206,5.932519981395011,144.27630942527344,14.196367220616978,139.5532325249778,38.15043479377136,9.707114842999328,7.623694845450298,23.520736394785104,18.69956161769166,3.204736770920973,23.79057209945417,0.3921137064963141,31.99110846685031,9.345748092335326,14.769488839829183,7.81898061754561,20.31289680587178,49.33959824149262,10.99032127025581,5.807376639385097,24.33339851895233,13.57240710010912,13.305920448941988,47.616280796464494,37.457840790323296,49.13903182353028,145.38875553005926,10.920125290572301,22.543479913007406,28.154902209458392,6.133225649210863,78.79929033442089,15.967679727041139,198.53935236110843,676.5302427634093,52.06456582561114,2.754652308051935,29.156922815650066,38.103556424504255,6.814639651750997,76.53849946605553,33.13866278773979,5.999795723122084,214.10927301312705,6376.281811435003,812.398630889143,92.25836057745389,40.97120234310424,8.838152674259616,20.611129211818863,8.12853984789313,27.8444978508925,0.26114838376575783,1029.4219138804997,160.68090016375223,65.50114256636189,251.89011398237636,54.64288010575623,24.181665883145463,153.09996107317488,0.0
6480,163.21336334634893,39.331467670506015,11.78822474159832,3.6885641978361723,61.94636180471752,62.9821335635092,16.140200092717617,306.9044788998197,57.56182978915674,246.23570523628993,57.799856563751966,20.01641543573275,19.14550338537485,55.99994162254276,43.437400179344344,9.046757399571623,52.43681896878296,1.0392237290690856,103.54064911424507,34.230329178744725,34.815618777085014,13.21575376865954,41.57427693232855,44.983342135178965,24.233671282190553,14.807701194723938,57.88397336338459,37.281982960964356,31.211483613993924,70.96310960353738,52.266902312244866,102.27405385711693,180.9066344171403,21.739433672296812,50.22388044533255,53.96152030369042,10.940981039713678,112.89021821390388,23.34815712092726,513.853847254481,781.5611437681745,126.21615169397042,9.227558595812186,21.549837827321365,40.568725688155254,12.677586039488526,180.1741150762543,14.618105701244122,2.854940391573153,176.16122836582005,54.4061799696469,9028.902894342851,608.0447516697392,26.319832872764717,21.95432898615888,3.8833768179006096,8.965891935153692,45.36566457087377,0.4401115336339197,1810.7778914986745,83.2515453125727,79.5636733943153,67.47219506984266,196.63003699485782,32.92669666973689,123.08091088204998,0.0
6800,23.82366842486144,7.010021815671701,1.4474809722379605,0.49340648522354374,13.352176929736777,10.102511740493178,2.5302701975463555,70.6802833712678,8.254331104204239,56.03589283804728,12.98437141834085,3.6594895939627725,6.777294366295234,21.11752550359033,10.918137159647078,1.8364955117691566,10.791454674537691,0.2670300201068022,17.990385617129828,6.5805966321047,5.630622715150286,2.971322592106124,11.364926998269913,15.867497003035789,6.705153788707626,3.1534994387270348,12.096008326551898,7.354183085066052,7.540346572178261,19.846242970194695,13.159978280596242,26.434466264403078,45.803980337746694,6.091902890447013,10.778481037682086,16.478285144087533,3.1328863529510995,24.787641273637966,5.798760194020249,115.28809935399599,733.1365406297845,25.640020204028122,1.970876558221523,4.192190433475969,23.607051335972663,14.735818140688096,125.23132495842955,6.342550008612389,1.429953963348545,61.64473277890093,27.20265013993077,115.69914176344928,16270.277101873382,21.45289537437107,9.989112393703955,2.3231604751698076,4.5784086130403345,19.936966289684154,0.11685101541470291,168.77908715262214,37.95670839166827,106.82095358529263,38.10690840163805,77.60203764876935,81.90413295947434,89.95143020031172,0.0
6980,178.76035480602144,45.022107446908635,8.818511366004918,7.150459205981661,299.0460257537197,218.37336064157302,23.259741440158773,550.8619052482816,70.46705334804922,591.6475521126112,134.8394210470785,74.85315545688567,25.151918435287428,60.71484290604263,50.66466795861922,12.728280546683365,100.9191923847103,1.5262488267660026,356.16320327929003,47.47202758397691,67.74960063755317,49.874975280203316,120.16678876637664,262.39664169783174,47.877931061734586,31.949761723856636,102.32623723016006,47.6290740310273,44.848256358710024,225.53957804225095,153.29638025567965,204.36460224076188,352.43436383884995,43.38727948257365,63.93629518493369,76.77068852199112,22.6798339335604,109.62405970386902,43.054380953135166,791.0605765077129,1553.4796575675978,164.9110860828024,7.684199270795672,26.127884104274568,60.45634007098007,14.868208530997046,247.90841763480535,29.523869814426142,11.163670026442896,215.80536705437032,115.22509441284579,672.9712620756898,197.9287258494697,2011.474225479246,114.52951794362582,9.571591930535371,14.040917432171748,74.76178749847092,1.1896219730204156,625.4273653179154,103.95840074343118,161.02267876292822,130.9603338126542,265.5034199777717,68.93680423288654,263.53936000956827,0.0
7180,176.44081650602843,29.946247603676476,4.999916352146017,3.170264558483867,175.13916729434968,91.58225673412079,28.18725708178465,369.7212055935649,68.47988567397097,310.38358346141024,68.4954417574593,32.7218156720045,16.46339419203737,55.42414673294346,45.05784202793589,7.938290171032082,76.14829705932254,1.0810627395916927,149.30664952550393,46.86226145582859,44.569692026108214,25.949277333425197,90.06417721928193,168.42476527233484,51.10778965867766,23.92788730003925,73.36129646619776,54.87119925072944,47.13897458526192,151.9068551677646,82.27052691052133,301.35822438530926,497.2999315804226,50.63749589280687,77.43657289631724,74.62638827315051,20.259303721115455,346.85946332989147,49.847884966516496,977.8280803991618,509.76097821344024,95.42168612949564,10.2742638573752,15.098984340358562,264.8422973288139,6.936152835000675,111.23102545727264,5.171739381746239,0.6261995366719797,34.551991893092165,49.12517478515846,144.23977278436377,32.92125930436571,5.923373532704645,4390.275319482756,1.1718243325573008,4.842114151781137,18.826760517225363,0.058539456828222224,1011.0485198488972,317.7806673532819,45.721015486072154,367.5664117616731,68.46464005137454,11.243774985477563,59.08849579255882,0.0
7380,104.26391803124186,51.23459989920527,12.505588143129598,2.5352228277583926,65.78103875768254,39.5553588076542,9.015177328459638,506.4305928428341,35.068068318702565,480.84049796313343,433.8500103895847,43.24121862489632,17.946833646856813,84.78796487517388,133.15899124002155,7.708125081367526,67.61566584350516,1.2132954603691453,83.3842286974541,24.427436665592268,22.784525755929714,19.39335841555891,147.5043210746404,226.36894490960103,29.912369405044164,14.749464909859595,46.752330912917,27.957683738076973,39.28359660307749,209.65397550261645,91.50863565767493,125.72511180480433,654.9486629466941,23.071091346078276,68.67232279667986,84.52489736205128,13.9687629452482,228.71080127635392,23.492964866426668,561.1540550942815,1889.9786969105621,89.52949217214429,6.4051751820071,21.879094730952648,57.928659754816366,26.742178558843662,401.7625409466979,74.11352982691857,15.19511359423953,374.32653425430686,134.12745202552335,895.0075989511545,177.51917026687482,95.60157758525742,30.46432139995947,502.35674221294477,25.176807181392082,64.47682767212785,0.42644130146677767,810.5753832828553,173.4465263706442,328.8660493702023,230.13939437949549,137.80947894540043,163.21973756681953,269.366621931016,0.0
7700,123.30589956789174,30.43311925346923,12.569416476973613,6.574135369920511,491.52507930714887,178.012515027019,37.868882063762626,271.0122643844406,64.23806544534882,296.7665602617549,88.82134617111787,14.411830854462758,15.719078561503359,44.054278512398575,35.775291000232166,13.749924132065141,94.46579393225402,2.2767609845401524,358.8817063691393,29.670873785277156,34.95429800298611,17.132708782999735,42.13270448058597,57.69329712503004,26.854933452380617,21.095033588046327,111.00100359839523,57.15113586801208,57.726467596860275,73.50188737478823,60.06911719865109,144.26502355925575,245.43393609882972,32.965997189108926,75.80808873900834,71.27945234173524,23.774488179057258,129.18374402159665,98.76115432029553,792.9203365323209,1128.9564003352336,292.8008047429282,66.44429600623577,202.2163717219171,125.4179709369018,16.643459307371113,206.94168700686936,34.29331611194546,6.254613985516927,458.69773417153647,138.19319130750418,269.2035592534825,75.91367446077996,31.433811465664327,57.02856029806472,7.586589923829427,2238.826879959979,57.48070600517373,0.804790254109043,1178.3166835787144,350.2577151693377,290.7703527816319,433.0788395057129,202.1980535561615,78.88628359161197,190.5788821939806,0.0
7880,78.74868052696435,21.81566414284663,5.214191248875821,4.802889605916316,48.38146199662047,48.771430382036314,13.379011540355343,199.79846398566244,35.4983760165498,187.63775722518756,71.89406524954903,16.318646821171406,14.876471296007598,41.68307194253081,36.401822794625,5.556909692821337,44.15270813565623,0.7764717476973545,61.98501274052711,26.926570909554933,21.10831165782954,14.872019054636139,40.968986606484094,84.9816131226665,21.834416649630697,14.412760648182822,42.710631950451734,35.786473875986125,28.871871866621788,91.7133903334109,56.9021503560129,140.37295018784334,203.63807578861073,20.980358881078168,39.83399731914103,47.09674949512504,13.974951438340746,122.37973176257537,18.57299808128944,411.76332966548733,1368.5374218591298,84.14629121673882,6.389434558321756,29.07262245515467,66.62362488818461,28.41973351201147,196.94130173025457,17.308548217719885,4.530731843642305,653.47241004902,190.940793813278,789.5210291365047,134.12275996889198,46.66937405894362,22.003206570414587,6.429914558466675,9.348009046102904,3203.7172749917377,0.3892287594455006,1762.5034624499597,724.2530915390466,213.80929821627373,699.9276949928409,274.6163086581975,61.62105473263687,366.3613600059497,0.0
8000,113.71111843714112,29.516360617799187,7.054126981466669,2.3639497939020826,64.33901684548813,65.30164301922144,15.565639983212998,334.5795252816112,57.69800796939948,277.2222008445305,83.43255680517593,52.64683638968655,17.776782527011555,49.67491058787008,47.34557399331738,12.247984148094336,100.87349536542183,1.1903627801336398,91.15015361944752,23.027137211324618,36.406753992114865,19.62619407087929,46.58642755527049,100.14376628426683,32.609398086040514,29.734072060907977,61.01197130651895,40.09788811196443,45.109764315514795,102.21192337261803,66.02906453591493,148.13049440675618,385.3456608207597,41.37570210450156,78.24230201011767,62.77371328874876,25.021701431130012,104.6083092816884,72.48623322626712,649.484025265758,1626.2557341614747,221.34262917552118,13.883140777225218,43.80279517872034,286.9256150028864,22.072802730619074,303.45550106586495,18.424684237454553,7.091662778804951,226.40312098802664,108.62126872509221,1191.6086065647335,160.68541591453146,57.68039130203562,14.34843066431765,8.677209282863233,11.407432192953223,72.37118823770528,163.6201374030356,2764.2788874950165,1065.8661388857852,443.520543696854,539.3732398812024,109.63677832116713,57.40094492804204,109.72152310764473,0.0
8400,12.954185349427204,3.7436360580661376,0.8559627437446525,0.2909524666547301,11.061700540516634,9.928895309012225,1.6800216442285067,36.65887831099535,5.047058129622406,38.700830736200125,17.293546380529104,3.772501536872647,1.6147781195488304,4.8965756750394,5.761293729504475,1.0241594785318258,6.483624188191554,0.09692475522108823,12.74752990624234,3.0902576400464907,4.554183283587509,2.2447456972068074,8.54872798427656,14.234978671323429,2.8354194901523284,1.6496895152719198,8.005668860399599,4.482550569736079,3.694642826756386,12.259948005116419,8.397964358810322,13.146304773935258,36.80952492166112,2.893848500133825,5.574808451212496,5.999827119505169,1.406732333967897,14.123273472934981,2.661982599967891,47.00595600038237,110.36387862062635,11.323795044082988,1.7697823531080015,3.2400764085792386,6.236621431100513,1.5762163808382905,22.42011492363438,2.786258066311484,0.7408405905755203,18.057146174095944,8.576726416514132,44.570910460905665,10.561045998556802,6.07379936045677,6.151869671582114,1.0243007609373902,1.118757814054844,5.347875485987018,0.03829736808199347,23933.43006217231,16.641714033516102,15.243840097032027,18.841159826300785,17.08595751905805,7.070174636858342,24.160402536076663,0.0
8591,0.4765199164959808,0.12180259027333167,0.016699699773212905,0.010718392764210456,0.23768463686992444,0.8275524801025257,0.046443661536382984,1.4636952249716786,0.1652155929623558,0.9640267443214292,0.6103369644230786,0.20407120102573995,0.05037328238129437,0.23734503770991858,0.3107863549847983,0.046873955334419445,0.2690055707451204,0.0033219550789747544,0.25938428909016903,0.08071852885780216,0.23953586410339342,0.0871399782148413,0.5989325229862809,1.5932774216829078,0.15207215173106944,0.07540141031711714,0.2908899918247615,0.536305235118004,0.13471693678959507,0.6030349575903197,0.8967834994672739,1.1602542662755684,2.7929894823003933,0.36050906054959825,0.38797237825225883,0.3418186489629181,0.06270752036624344,0.7847628982380952,0.1035914941003402,1.9469461591181287,3.0209187200474186,0.2817220467691919,0.020623735352918133,0.04245481965635004,0.22705119050523984,0.04275371611673614,0.6544007320144798,0.04367062447253924,0.0068026599919973904,1.028755927898788,0.5042450873742605,1.0601143891059612,0.20154519963720802,0.1327704128115091,1.8441331192757984,0.014132693259301131,0.06418115945466955,0.15422105539794684,0.0008982133599653862,2.1934044683905807,6146.732666991387,0.2642875563521531,0.9027398418738978,1.0370786535394179,0.1045094773683846,0.5476995508946927,0.0
8592,4.805711900081465,1.2711205273267032,0.2869118957946117,0.14231192755601116,4.718323458771138,6.734076255357036,1.2055743774384635,12.659016916398645,1.7468064400715404,12.556026266458312,3.476812816650891,1.057990445614483,0.6633772338063479,1.7887926332290598,1.6084119500603957,0.33224737418080613,2.9163179897041847,0.03782730256138495,5.551383866359867,1.1344998661361003,1.366685159616582,0.9126935028528215,2.318146228688996,3.990064712063532,1.0400479331099293,0.6359815089948141,5.505056681697518,2.786132851283219,2.234902918156841,3.942670020572933,3.0223370429268086,5.952566819677418,12.164136734451075,1.1853248426111511,1.9382918139890308,2.195739133455496,0.6241337085982495,5.516378747352076,0.8409217719408426,19.153348868559828,51.67769058875653,14.818580977825762,1.2427343146990957,0.9287758786431566,4.551730539573126,0.48485124190580436,6.937552958953893,0.6587626525948814,0.16627372934884477,8.144363049232112,2.568968671851271,50.56673158020119,5.582224133683926,16.74176405974017,3.774244688387743,1.037499217911569,0.7005759940679905,13.599254377693931,0.07919485612944513,43.44303478409907,25.720542907492803,3823.8950950983294,27.675951571188925,5.9226240193784,1.5475376805665513,18.727195126445984,0.0
8691,0.03365237719458099,0.008495312437313985,0.0009727726940645654,0.0005391275755643114,0.011916382507825951,0.06815353248002465,0.0025368121790300653,0.09913578612872248,0.011452876176612479,0.06265486716892357,0.048267884757690255,0.01606634583569057,0.0029960170305181506,0.01711197573206851,0.024688843091366427,0.003674724406766967,0.019875946264515654,0.0002190255423218146,0.012659276349217593,0.004942162689070209,0.019221093643138756,0.006176864226376718,0.049800550950433974,0.13651534189474882,0.011530494351182278,0.0052722159423240255,0.020553131504571946,0.04559444823450672,0.008963677527869026,0.04427673114734727,0.07609344089816282,0.09156302793927781,0.23432039298283086,0.030749066493617427,0.031527956378982855,0.026394426544040114,0.004254394520635931,0.05864981907827034,0.007310611269729971,0.12935102952006694,0.1501405065652023,0.013545980358585667,0.0008930328401674926,0.0019004862414533418,0.012461135215309617,0.0017345214576669865,0.041128347970590874,0.0022464312848826436,0.00020762245812508902,0.05276208748054138,0.034142462307779196,0.026966424032421638,0.007231070221476478,0.0018637608019429078,0.16426772321482902,0.00043679035289819065,0.004858462425850714,0.005034943062492179,1.649528915805726e-05,0.09346317661176486,0.027151680089779744,0.008898641810471498,3576.928058394327,4.013613876456279,0.0031493629262225303,0.01569582090740014,0.0
8692,0.0905375267719103,0.026524280526605548,0.005421240989389083,0.0018624960235011116,0.05046365314663432,0.04295703170713844,0.009551968859406105,0.2684328476220434,0.031394041559464195,0.21226181151042017,0.05241675625491263,0.014895111669047006,0.025089896888956676,0.07877764515816803,0.04220228872391115,0.007067568565380554,0.041422635876510676,0.000998857216704588,0.06758401295036334,0.024631011698741268,0.022397606554134086,0.011493867453978582,0.046016164394165456,0.06967991443606819,0.02558534037545273,0.01204148341504057,0.046351052980951074,0.03075119687964628,0.02849006921562236,0.0767782805981614,0.05462994456390049,0.10459634494973442,0.1882400994670563,0.024864333537935396,0.042211861517292476,0.06265354480001156,0.011868179077553637,0.09605663826033503,0.0219276514532042,0.43276412222299443,2.6957905932107904,0.09547498288212035,0.0073941722878388015,0.01568422499887393,0.0875702274959831,0.054030660411568864,0.4619933967414568,0.02352524551933471,0.0052890258138869484,0.23016130982258987,0.10251799424667488,0.4273600773055595,0.18497624891583628,0.0788980637589269,0.049835458896230644,0.008587808457684292,0.017172864329294615,0.07352561347631649,0.00043055666147755433,2.4319191686727972,0.296173613644354,0.3916974574564997,0.5465971459886558,6350.892780799999,0.299756802736635,0.33125182068354164,0.0
9080,14.49354835267374,6.624309068711266,1.6156665118392133,0.35423986242989136,9.443846219116478,5.99198455875442,1.3762009947755893,65.61227201748578,4.967451262107321,62.01696625451952,52.186589884671335,5.394191494817257,2.6437839567589285,12.043530473035325,16.670127880893197,1.1240882634370726,9.096440542640511,0.1873720465536106,11.783865412810433,3.467425463370809,3.2447079332422453,2.572132878771663,18.137343118551755,27.917471507613275,4.125452958297027,2.0912483831550674,6.615138011387394,4.021964053609437,5.45870866569579,27.51042470552443,12.291708724053047,17.662279743015937,82.7796836382332,3.6356446097107296,9.32105939619233,11.720717618777154,1.9306860970350042,29.015559494340348,3.170041323403455,75.92250411945398,255.48348225136104,12.897674957389672,0.909338746960988,2.898373714927899,8.897555219007355,5.941459670311553,53.214485798388324,9.222276253764123,41.37433336013193,175.41729278079734,19.052305201372153,117.83257769302432,23.845128157331565,12.476064410184973,4.23445301534536,27.44143800834085,3.1744486559932716,10.75647808065963,0.0600635537036174,310.77500732989824,48.39519275605349,43.84183828187432,53.54557474078115,25.98696445298492,8208.410126500039,375.92340319362046,0.0
9480,17.43038002275492,4.426719297293764,1.5032654707333046,0.5612336513952529,18.755766932100418,16.498937121422767,3.6727546302686696,42.2422597871738,7.176647906832207,36.80121231788754,13.1209139183947,2.576476758998899,3.320923966811498,12.7124789247206,8.076319024977632,2.067719675522247,9.00515911407467,0.26724097513206047,19.360672390050365,4.546047914617775,4.155242092534113,1.8997117175302782,6.951300353349918,10.92961784334651,4.809983670331048,2.81838821970503,9.371132563369187,5.705420042903073,7.83547363887562,25.802335867700197,11.80432950937401,22.60851108252142,41.62052173690122,5.268928858878819,9.440875849496896,12.669434512515064,1.6035866224030364,24.047363430599425,1.8627577033352558,60.8962094545332,170.6016515716814,18.914129501181247,1.2421746808824723,2.4945830913099347,26.836483804238714,4.6910256165629685,28.426874625043798,3.1058404352997475,0.7679988433199801,144.21421473135473,40.66767766458019,96.09997147225265,16.43121404802887,6.508558009343391,3.1682057714526137,1.8723086268046958,1.5591946234477811,16.715013833500418,0.05042896816559916,92.55237912940288,19.58087196839486,31.64654544273114,113.38269908198146,144.57726452253212,3.5203830983861857,8705.448052266755,0.0
9700,0.0,0.0,0.0,0.0,0.0,0.0,0.0,0.0,0.0,0.0,0.0,0.0,0.0,0.0,0.0,0.0,0.0,0.0,0.0,0.0,0.0,0.0,0.0,0.0,0.0,0.0,0.0,0.0,0.0,0.0,0.0,0.0,0.0,0.0,0.0,0.0,0.0,0.0,0.0,0.0,0.0,0.0,0.0,0.0,0.0,0.0,0.0,0.0,0.0,0.0,0.0,0.0,0.0,0.0,0.0,0.0,0.0,0.0,0.0,0.0,0.0,0.0,0.0,0.0,0.0,0.0,10450.754285714285
