atividade,descricao,componente_1,componente_2,componente_3
0191,"Agricultura, inclusive o apoio à agricultura e a pós-colheita",-0.1415372841191343,-0.0035376348809288,0.5190904934236149
0192,"Pecuária, inclusive o apoio à pecuária",-0.2545252378793141,-0.0808852124935264,0.4553713765038165
0280,Produção florestal; pesca e aquicultura,-0.2217193405380377,-0.1761584796162037,0.046928498309359
0580,Extração de carvão mineral e de minerais não metálicos,0.5846937149564112,-0.3864932733189621,-0.0640570256705795
0680,"Extração de petróleo e gás, inclusive as atividades de apoio",0.0855771686326403,0.1080808960087572,0.4301484948702653
0791,"Extração de minério de ferro, inclusive beneficiamentos e a aglomeração",0.439573235669085,-0.3246020031156587,-0.1437352314974293
0792,"Extração de minerais metálicos não ferrosos, inclusive beneficiamentos",0.4123905163690799,-0.2604300942125113,-0.1210117203697128
1091,"Abate e produtos de carne, inclusive os produtos do laticínio e da pesca",-0.2624237412698324,-0.0719334738891679,0.4550600463275263
1092,Fabricação e refino de açúcar,-0.1465410006274753,-0.0213440755415039,0.3536722709091234
1093,Outros produtos alimentares,-0.1929659639908998,-0.0348092838449496,0.4562419322696769
1100,Fabricação de bebidas,-0.2937108622543186,-0.0714160963193148,0.0480782823949883
1200,Fabricação de produtos do fumo,-0.3634308492149077,-0.1971038189749407,-0.0383593105447062
1300,Fabricação de produtos têxteis,-0.3000749024124061,-0.1988977430890302,-0.0428866598177147
1400,Confecção de artefatos do vestuário e acessórios,-0.371701105379685,-0.1971146739769262,-0.0554341481213984
1500,Fabricação de calçados e de artefatos de couro,-0.3488398919312014,-0.1902133201866972,-0.0349109711117606
1600,Fabricação de produtos da madeira,0.4354550621833147,-0.2566947418709394,-0.095484707578463
1700,"Fabricação de celulose, papel e produtos de papel",0.1271475463161746,0.1911352823116399,0.1336554689679333
1800,Impressão e reprodução de gravações,0.1539825732538366,0.6255971077144862,-0.1146385412086132
1991,Refino de petróleo e coquerias,0.065950961252403,0.095019794009284,0.4444287386800452
1992,Fabricação de biocombustíveis,-0.1447607356535339,-0.0366105098744675,0.275928325287486
2091,"Fabricação de químicos orgânicos e inorgânicos, resinas e elastômeros",0.3420434954887998,-0.0179629417569264,0.3847122207549507
2092,"Fabricação de defensivos, desinfestantes, tintas e químicos diversos",0.4635323210026999,-0.0827374545653705,0.2936170908118474
2093,"Fabricação de produtos de limpeza, cosméticos/perfumaria e higiene pessoal",-0.2553523699876376,-0.1125435588987556,0.050765623319754
2100,Fabricação de produtos farmoquímicos e farmacêuticos,-0.3122092704673594,-0.1044778941472604,-0.0101771353994073
2200,Fabricação de produtos de borracha e de material plástico,0.4837873084114004,-0.0675085272941911,0.054255092177254
2300,Fabricação de produtos de minerais não metálicos,0.552322571044207,-0.4373659191363195,-0.1035161304752413
2491,"Produção de ferro gusa/ferroligas, siderurgia e tubos de aço sem costura",0.6109240588945718,-0.3324668774992645,-0.1468382097054247
2492,Metalurgia de metais não ferosos e a fundição de metais,0.5105801241062687,-0.2248491898283778,-0.1298048918873721
2500,"Fabricação de produtos de metal, exceto máquinas e equipamentos",0.4477407712741633,-0.3190132534339642,-0.0766857313548579
2600,"Fabricação de equipamentos de informática, produtos eletrônicos e ópticos",-0.2599191625932484,-0.0740919999411584,-0.0918966997425713
2700,Fabricação de máquinas e equipamentos elétricos,0.0664307083356809,-0.2494817075403795,-0.1305435113436015
2800,Fabricação de máquinas e equipamentos mecânicos,-0.0931184625602415,-0.2315839372644491,-0.1241331595717792
2991,"Fabricação de automóveis, caminhões e ônibus, exceto peças",-0.0553039292477398,-0.1395508117136493,-0.1754360953228248
2992,Fabricação de peças e acessórios para veículos automotores,0.0870356951324829,0.0392277479061525,-0.1318118559510232
3000,"Fabricação de outros equipamentos de transporte, exceto veículos automotores",-0.2749369746300751,-0.1919863104649117,-0.0762354314358627
3180,Fabricação de móveis e de produtos de indústrias diversas,-0.1948361136097663,-0.2458326024104234,-0.0979494086976504
3300,"Manutenção, reparação e instalação de máquinas e equipamentos",0.3816313823279079,0.0607444710062671,-0.0193891185227236
3500,"Energia elétrica, gás natural e outras utilidades",-0.0831499885063031,0.0384126618239243,0.0006383414103604
3680,"Água, esgoto e gestão de resíduos",-0.1421811342193519,0.1358670469611356,-0.1920729817726084
4180,Construção,0.5304008157873129,-0.4719424578446278,-0.1280261423126371
4580,Comércio por atacado e varejo,0.1071909295108718,0.4799410157539946,0.0235961251236685
4900,Transporte terrestre,0.0522846491898531,0.1366925493484108,0.2343578874246805
5000,Transporte aquaviário,0.2342178282459917,0.2268004881049589,0.4571682056812243
5100,Transporte aéreo,-0.0643000671131306,0.1837501022129015,-0.1482629887658649
5280,"Armazenamento, atividades auxiliares dos transportes e correio",0.0928120532973047,0.2956257432237972,0.0494874642962588
5500,Alojamento,-0.0715688487259539,0.1712949535271933,-0.1843408962986245
5600,Alimentação,-0.3000126924582578,-0.0549839285676214,0.0828061907421212
5800,Edição e edição integrada à impressão,-0.2927813697011369,0.0042245083040019,-0.1457562089879085
5980,"Atividades de televisão, rádio, cinema e  gravação/edição de som e imagem",0.1859001301138401,0.5384550057141962,-0.0997240789297801
6100,Telecomunicações,-0.2181536408069652,0.1166592025841554,-0.1703426339314973
6280,Desenvolvimento de sistemas e outros serviços de informação,-0.2209202298126516,0.1172012962150131,-0.1739029742969714
6480,"Intermediação financeira, seguros e previdência complementar",-0.1486667445445764,0.2830821944816408,-0.2262340473287917
6800,Atividades imobiliárias,-0.2971443265520163,-0.1091939220774714,-0.0885897410923992
6980,"Atividades jurídicas, contábeis, consultoria e sedes de empresas ",0.3253022456659526,0.4375448544051388,0.0546789196333447
7180,"Serviços de arquitetura, engenharia, testes/análises técnicas e P & D",0.3111037282384117,0.1383810192659973,-0.08978298641236
7380,"Outras atividades profissionais, científicas e técnicas",0.2479866816411877,0.5581222986884695,-0.0567421979000435
7700,Aluguéis não imobiliários e gestão de ativos de propriedade intelectual,0.3911700901886398,0.3995298643777087,-0.0353720485207049
7880,Outras atividades administrativas e serviços complementares,0.004895642840506,0.4641764709951613,-0.2420333153988861
8000,"Atividades de vigilância, segurança e investigação",0.1173315167870184,0.5548080287871886,-0.2432553391972026
8400,"Administração pública, defesa e seguridade social",-0.2097897086544939,0.2846985998282821,-0.3058735366220065
8591,Educação pública,-0.3302642152798517,-0.0639028703985554,-0.1272706158435257
8592,Educação privada,-0.3264498947599232,-0.067223615460107,-0.1230965460030567
8691,Saúde pública,-0.3108584975599697,-0.0911565733679132,-0.1037280704907909
8692,Saúde privada,-0.3264963664459585,-0.1504249520066901,-0.0625102093764902
9080,"Atividades artísticas, criativas e de espetáculos",-0.3245955040869773,-0.1026961875276876,-0.1033267255608131
9480,Organizações associativas e outros serviços pessoais,-0.322242476422249,-0.0219120192102961,-0.1565992424038541
9700,Serviços domésticos,-0.3739126221414378,-0.2119392559977555,-0.0729078665417652
