cenario,k,silhueta,maior_grupo,unitarios,tamanhos
linhas_completa,2,0.15771320149794685,66,1,"66, 1"
linhas_completa,3,0.15577914544008012,65,2,"65, 1, 1"
linhas_completa,4,0.13825272348412238,64,3,"64, 1, 1, 1"
linhas_completa,5,0.149486243009771,61,3,"61, 3, 1, 1, 1"
linhas_completa,6,0.1466493762597959,60,4,"60, 3, 1, 1, 1, 1"
linhas_completa,7,0.14593278935728993,59,5,"59, 3, 1, 1, 1, 1, 1"
linhas_completa,8,0.15117169619538962,56,5,"56, 3, 3, 1, 1, 1, 1, 1"
linhas_completa,9,0.14725073011434822,56,6,"56, 3, 2, 1, 1, 1, 1, 1, 1"
linhas_completa,10,0.15441954803682767,53,6,"53, 3, 3, 2, 1, 1, 1, 1, 1, 1"
linhas_completa,11,0.15258475881897887,52,7,"52, 3, 3, 2, 1, 1, 1, 1, 1, 1, 1"
linhas_completa,12,0.16087294774233896,52,8,"52, 3, 2, 2, 1, 1, 1, 1, 1, 1, 1, 1"
colunas_completa,2,0.08244549076065905,66,1,"66, 1"
colunas_completa,3,0.06512995042542452,65,2,"65, 1, 1"
colunas_completa,4,0.0625873993752396,64,3,"64, 1, 1, 1"
colunas_completa,5,0.05937069615476203,62,3,"62, 2, 1, 1, 1"
colunas_completa,6,0.05292649733114921,60,3,"60, 2, 2, 1, 1, 1"
colunas_completa,7,0.042990610193497036,59,4,"59, 2, 2, 1, 1, 1, 1"
colunas_completa,8,0.03408505822685396,58,5,"58, 2, 2, 1, 1, 1, 1, 1"
colunas_completa,9,0.03828687706404529,54,5,"54, 4, 2, 2, 1, 1, 1, 1, 1"
colunas_completa,10,0.037322718572396205,54,7,"54, 4, 2, 1, 1, 1, 1, 1, 1, 1"
colunas_completa,11,0.035455465074831286,54,9,"54, 4, 1, 1, 1, 1, 1, 1, 1, 1, 1"
colunas_completa,12,0.03581627844024509,51,9,"51, 4, 3, 1, 1, 1, 1, 1, 1, 1, 1, 1"
linhas_sem_diagonal,2,0.4523386930718741,65,1,"65, 1"
linhas_sem_diagonal,3,0.44275790001968446,62,1,"62, 3, 1"
linhas_sem_diagonal,4,0.46296959164676527,58,1,"58, 4, 3, 1"
linhas_sem_diagonal,5,0.39233004073174343,57,2,"57, 4, 3, 1, 1"
linhas_sem_diagonal,6,0.4039417671392566,57,2,"57, 3, 2, 2, 1, 1"
linhas_sem_diagonal,7,0.2934919055008617,56,3,"56, 3, 2, 2, 1, 1, 1"
linhas_sem_diagonal,8,0.30086545839089585,51,3,"51, 5, 3, 2, 2, 1, 1, 1"
linhas_sem_diagonal,9,0.28952036012782656,51,4,"51, 4, 3, 2, 2, 1, 1, 1, 1"
linhas_sem_diagonal,10,0.4014258953451175,36,4,"36, 15, 4, 3, 2, 2, 1, 1, 1, 1"
linhas_sem_diagonal,11,0.4104474816618556,31,4,"31, 15, 5, 4, 3, 2, 2, 1, 1, 1, 1"
linhas_sem_diagonal,12,0.36840707783847465,31,5,"31, 14, 5, 4, 3, 2, 2, 1, 1, 1, 1, 1"
colunas_sem_diagonal,2,0.47733481225741015,65,1,"65, 1"
colunas_sem_diagonal,3,0.43916268641542017,64,2,"64, 1, 1"
colunas_sem_diagonal,4,0.31950625521997056,62,2,"62, 2, 1, 1"
colunas_sem_diagonal,5,0.23622817303826488,61,3,"61, 2, 1, 1, 1"
colunas_sem_diagonal,6,0.1900042217795774,60,4,"60, 2, 1, 1, 1, 1"
colunas_sem_diagonal,7,0.17838578095021457,56,4,"56, 4, 2, 1, 1, 1, 1"
colunas_sem_diagonal,8,0.20632333001482955,35,4,"35, 21, 4, 2, 1, 1, 1, 1"
colunas_sem_diagonal,9,0.17587078106161289,34,5,"34, 21, 4, 2, 1, 1, 1, 1, 1"
colunas_sem_diagonal,10,0.2194252805321127,25,5,"25, 21, 9, 4, 2, 1, 1, 1, 1, 1"
colunas_sem_diagonal,11,0.24825433667244173,25,5,"25, 13, 9, 8, 4, 2, 1, 1, 1, 1, 1"
colunas_sem_diagonal,12,0.26627551616596934,22,5,"22, 13, 9, 8, 4, 3, 2, 1, 1, 1, 1, 1"
